,Year,Team,Cmp %,Yds/Att,Rate,1st%,Win_loss_perc,Points_diff,Yds_per_play_offense,Score_pct,Turnover_pct,TD_to_Turnover_Rate,Sacks_taken_per_game,Penalties_per_game,Turnovers_per_game,Big_Plays,Big_Plays_per_game,Big_plays_per_game
0,2010,Bears,59.2,7.3,79.5,35.0,0.688,48,4.9,29.3,15.6,0.74,3.5,5.69,1.94,48,3.0,3.0
1,2010,Bengals,61.9,6.8,82.4,34.9,0.25,-73,5.1,30.5,17.2,0.76,1.75,5.62,2.12,54,3.38,3.38
2,2010,Bills,57.0,6.5,75.2,32.0,0.25,-142,5.1,25.3,11.8,0.62,2.12,5.12,2.44,50,3.12,3.12
3,2010,Broncos,57.6,7.4,86.8,35.2,0.25,-127,5.5,30.6,15.7,0.93,2.5,6.12,1.69,75,4.69,4.69
4,2010,Browns,61.9,6.7,75.0,32.2,0.313,-61,5.0,27.7,13.5,0.45,2.25,4.88,1.81,48,3.0,3.0
5,2010,Buccaneers,61.9,7.2,96.2,34.8,0.625,23,5.6,33.7,16.0,1.37,1.88,6.25,1.19,59,3.69,3.69
6,2010,Cardinals,50.8,5.8,60.5,27.4,0.313,-145,4.6,23.7,18.4,0.29,3.12,6.75,2.19,47,2.94,2.94
7,2010,Chargers,66.0,8.7,101.8,43.4,0.563,119,6.1,40.3,12.0,1.03,2.38,5.25,1.81,80,5.0,5.0
8,2010,Chiefs,57.7,6.7,90.1,35.2,0.625,40,5.3,31.3,8.5,1.93,2.0,5.62,0.88,44,2.75,2.75
9,2010,Colts,66.3,6.9,91.9,37.3,0.625,47,5.6,40.2,10.2,1.32,1.0,4.94,1.56,52,3.25,3.25
10,2010,Cowboys,65.8,7.3,90.4,34.9,0.375,-42,5.6,34.6,13.6,0.97,1.94,6.81,1.88,65,4.06,4.06
11,2010,Dolphins,60.1,6.7,74.8,33.9,0.438,-60,5.0,29.7,17.6,0.55,2.38,4.5,1.94,48,3.0,3.0
12,2010,Eagles,62.0,7.5,92.1,33.7,0.625,62,6.0,39.8,10.2,1.12,3.06,8.06,1.56,76,4.75,4.75
13,2010,Falcons,62.6,6.5,90.8,34.7,0.813,126,5.0,39.3,14.9,1.65,1.44,3.62,1.06,38,2.38,2.38
14,2010,Giants,62.9,7.4,85.3,35.6,0.625,47,5.9,32.4,13.8,0.74,1.0,5.75,2.62,64,4.0,4.0
15,2010,Jaguars,62.0,7.2,83.4,34.3,0.5,-66,5.4,35.0,9.6,0.79,2.38,5.19,2.06,53,3.31,3.31
16,2010,Jets,54.9,6.5,76.5,32.6,0.688,63,5.2,32.2,17.2,0.95,1.75,6.44,1.31,55,3.44,3.44
17,2010,Lions,60.5,6.3,82.0,31.4,0.375,-7,5.1,32.1,14.5,1.04,1.69,8.5,1.56,49,3.06,3.06
18,2010,49ers,56.4,7.2,79.4,29.8,0.375,-41,5.3,26.8,12.4,0.83,2.75,7.0,1.44,63,3.94,3.94
19,2010,Packers,65.1,8.0,98.9,37.7,0.625,148,5.7,35.0,13.1,1.41,2.38,4.88,1.38,68,4.25,4.25
20,2010,Panthers,52.9,5.4,57.0,25.8,0.125,-212,4.3,20.8,12.9,0.24,3.12,6.62,2.31,33,2.06,2.06
21,2010,Patriots,65.3,7.9,109.8,38.7,0.875,205,5.9,47.0,11.3,3.7,1.56,5.19,0.62,64,4.0,4.0
22,2010,Raiders,56.8,7.1,77.5,32.4,0.5,39,5.5,34.5,12.2,0.69,2.75,9.25,1.62,57,3.56,3.56
23,2010,Rams,60.0,6.0,76.5,30.3,0.438,-39,4.6,30.2,13.5,0.86,2.12,6.38,1.31,40,2.5,2.5
24,2010,Ravens,62.7,7.4,93.6,35.6,0.75,87,5.1,32.8,11.1,1.25,2.5,5.62,1.25,47,2.94,2.94
25,2010,Commanders,57.7,7.0,78.0,32.1,0.375,-75,5.4,26.3,18.4,0.68,2.88,5.62,1.94,64,4.0,4.0
26,2010,Saints,68.1,7.0,90.8,35.7,0.688,77,5.6,38.5,14.5,1.06,1.62,5.62,1.94,57,3.56,3.56
27,2010,Seahawks,59.6,6.5,72.1,29.2,0.438,-97,4.9,26.5,16.8,0.45,2.19,6.31,1.94,50,3.12,3.12
28,2010,Steelers,62.2,8.1,95.2,36.5,0.75,143,5.6,36.9,16.6,1.22,2.69,6.25,1.12,73,4.56,4.56
29,2010,Texans,63.6,7.6,92.0,38.7,0.375,-37,6.0,39.7,15.8,1.33,2.0,5.62,1.12,68,4.25,4.25
30,2010,Titans,57.6,6.9,82.6,32.7,0.375,17,5.3,33.2,13.8,0.83,1.69,8.0,1.81,52,3.25,3.25
31,2010,Vikings,60.4,6.6,67.6,31.5,0.375,-67,5.1,24.9,13.7,0.38,2.25,6.25,2.31,50,3.12,3.12
32,2011,Bears,56.7,7.1,73.8,32.4,0.5,12,5.1,28.6,10.1,0.62,3.06,6.5,1.81,50,3.12,3.12
33,2011,Bengals,57.6,6.6,79.6,29.9,0.563,21,5.0,32.5,15.8,0.95,1.56,6.19,1.38,62,3.88,3.88
34,2011,Bills,61.6,6.7,77.0,31.1,0.375,-62,5.7,31.2,18.6,0.8,1.44,5.38,1.88,56,3.5,3.5
35,2011,Broncos,50.6,6.3,73.4,30.3,0.5,-81,5.0,24.5,8.9,0.67,2.62,6.31,1.88,44,2.75,2.75
36,2011,Browns,56.1,5.8,72.8,30.4,0.25,-89,4.5,24.4,18.2,0.84,2.44,5.94,1.19,38,2.38,2.38
37,2011,Buccaneers,62.1,6.5,73.6,30.6,0.25,-207,5.3,28.7,18.6,0.42,2.0,7.69,2.5,43,2.69,2.69
38,2011,Cardinals,55.8,7.2,73.9,31.8,0.5,-36,5.2,26.1,20.6,0.66,3.38,6.62,2.0,70,4.38,4.38
39,2011,Chargers,62.9,8.0,88.7,40.2,0.5,29,6.0,41.3,14.7,0.96,1.88,5.69,1.75,77,4.81,4.81
40,2011,Chiefs,59.8,6.6,73.0,32.6,0.438,-126,4.9,22.2,17.4,0.46,2.12,6.88,1.75,46,2.88,2.88
41,2011,Colts,56.6,6.0,72.2,31.8,0.125,-187,4.8,24.2,15.0,0.48,2.19,4.75,1.81,38,2.38,2.38
42,2011,Cowboys,66.0,7.8,100.1,38.4,0.5,22,5.9,37.8,19.3,1.57,2.44,7.12,1.31,69,4.31,4.31
43,2011,Dolphins,59.7,7.3,84.9,35.4,0.375,16,5.1,32.8,14.4,0.8,3.25,5.31,1.56,63,3.94,3.94
44,2011,Eagles,59.6,7.7,78.3,35.6,0.5,68,6.2,34.7,12.1,0.58,2.0,6.69,2.38,74,4.62,4.62
45,2011,Falcons,61.4,7.4,91.1,36.2,0.625,52,5.6,37.4,13.0,1.38,1.62,5.81,1.31,66,4.12,4.12
46,2011,Giants,61.0,8.4,92.9,36.7,0.563,-6,6.0,32.5,10.9,1.21,1.75,5.88,1.5,85,5.31,5.31
47,2011,Jaguars,51.2,5.4,62.2,26.0,0.313,-86,4.1,22.7,13.6,0.52,2.75,4.81,1.44,34,2.12,2.12
48,2011,Jets,56.7,6.5,78.4,31.6,0.5,14,4.8,29.6,8.6,0.76,2.5,6.38,2.12,44,2.75,2.75
49,2011,Lions,63.5,7.6,97.2,36.6,0.625,87,6.0,37.6,12.0,1.78,2.25,8.0,1.44,81,5.06,5.06
50,2011,49ers,61.4,7.1,91.4,33.3,0.813,151,5.0,39.6,14.0,1.8,2.75,7.06,0.62,47,2.94,2.94
51,2011,Packers,68.1,9.4,122.6,41.7,0.938,201,6.6,48.3,15.4,3.64,2.56,4.75,0.88,86,5.38,5.38
52,2011,Panthers,60.1,7.9,84.8,33.7,0.375,-23,6.2,38.5,12.6,0.91,2.19,7.06,1.44,75,4.69,4.69
53,2011,Patriots,65.7,8.6,105.7,42.8,0.813,171,6.3,47.2,14.6,2.29,2.0,5.44,1.06,86,5.38,5.38
54,2011,Raiders,60.1,7.9,79.4,35.5,0.5,-74,6.0,34.7,14.3,0.67,1.56,10.19,1.88,77,4.81,4.81
55,2011,Rams,53.2,5.9,69.0,29.0,0.125,-214,4.5,18.9,20.0,0.39,3.44,7.0,1.44,40,2.5,2.5
56,2011,Ravens,57.7,6.7,81.7,33.3,0.75,112,5.2,35.5,11.7,0.88,2.06,5.75,1.5,51,3.19,3.19
57,2011,Commanders,58.5,6.9,73.3,34.5,0.313,-79,5.2,30.9,13.1,0.54,2.56,5.69,2.19,64,4.0,4.0
58,2011,Saints,71.3,8.3,110.5,42.3,0.813,208,6.7,51.4,15.8,2.42,1.5,6.19,1.19,80,5.0,5.0
59,2011,Seahawks,58.7,6.8,77.6,30.1,0.438,6,4.8,27.8,13.5,0.65,3.12,8.62,1.44,60,3.75,3.75
60,2011,Steelers,63.3,8.0,89.7,41.0,0.75,98,5.9,33.9,10.9,0.75,2.62,6.31,1.75,70,4.38,4.38
61,2011,Texans,61.7,7.9,92.7,37.7,0.625,103,5.7,37.2,9.7,1.0,2.06,6.19,1.25,66,4.12,4.12
62,2011,Titans,60.4,7.0,84.4,31.7,0.563,8,5.4,31.4,11.8,1.0,1.5,6.5,1.38,65,4.06,4.06
63,2011,Vikings,56.1,6.4,74.6,31.2,0.188,-109,5.2,31.7,16.4,0.77,3.06,6.81,1.62,48,3.0,3.0
64,2012,Bears,59.2,6.8,80.4,33.6,0.625,98,5.0,30.3,15.6,0.88,2.75,6.38,1.5,45,2.81,2.81
65,2012,Bengals,62.0,7.0,88.1,32.0,0.625,71,5.2,35.4,10.9,1.08,2.88,6.19,1.62,53,3.31,3.31
66,2012,Bills,60.5,6.7,82.2,34.4,0.375,-91,5.6,30.0,16.7,0.71,1.88,6.5,2.12,51,3.19,3.19
67,2012,Broncos,68.4,7.9,105.3,39.5,0.813,192,5.8,39.9,8.1,1.48,1.31,6.25,1.56,71,4.44,4.44
68,2012,Browns,58.0,6.5,73.6,32.7,0.313,-66,5.0,29.8,16.9,0.62,2.25,7.06,1.62,56,3.5,3.5
69,2012,Buccaneers,55.0,7.3,81.8,33.2,0.438,-5,5.8,35.2,20.3,1.17,1.62,6.31,1.44,73,4.56,4.56
70,2012,Cardinals,55.4,5.6,63.1,27.6,0.313,-107,4.1,22.0,16.3,0.32,3.62,6.38,2.12,39,2.44,2.44
71,2012,Chargers,64.0,6.8,88.5,34.8,0.438,0,4.8,30.6,11.5,1.0,3.06,6.44,1.62,44,2.75,2.75
72,2012,Chiefs,57.5,6.2,63.8,30.3,0.125,-214,5.0,24.2,11.5,0.22,2.5,5.75,2.31,39,2.44,2.44
73,2012,Colts,54.0,7.0,76.4,33.1,0.688,-30,5.2,33.3,8.3,0.85,2.56,5.88,1.69,76,4.75,4.75
74,2012,Cowboys,66.0,7.6,91.3,36.0,0.5,-24,5.7,36.7,15.5,1.0,2.25,7.31,1.81,64,4.0,4.0
75,2012,Dolphins,58.1,6.8,76.7,31.4,0.438,-29,5.1,27.4,14.4,0.5,2.31,5.12,1.62,45,2.81,2.81
76,2012,Eagles,59.4,6.6,78.6,30.7,0.25,-164,5.3,29.9,14.7,0.49,3.0,6.12,2.31,57,3.56,3.56
77,2012,Falcons,68.6,7.7,99.1,40.0,0.813,120,5.8,44.0,11.6,1.78,1.75,3.44,1.12,56,3.5,3.5
78,2012,Giants,59.9,7.4,87.2,34.7,0.563,85,5.9,43.8,13.0,1.24,1.25,4.5,1.31,60,3.75,3.75
79,2012,Jaguars,56.0,6.4,74.6,26.8,0.125,-189,4.8,25.5,12.7,0.77,3.12,6.31,1.62,56,3.5,3.5
80,2012,Jets,55.2,6.4,68.3,32.9,0.375,-94,4.6,24.2,14.1,0.38,2.94,5.19,2.31,46,2.88,2.88
81,2012,Lions,60.1,6.9,81.5,36.8,0.25,-65,5.6,36.0,22.2,0.67,1.81,6.44,2.06,77,4.81,4.81
82,2012,49ers,66.3,8.1,101.2,39.4,0.719,124,6.0,39.3,8.1,1.44,2.56,6.81,1.0,62,3.88,3.88
83,2012,Packers,67.0,7.8,108.3,38.2,0.688,97,5.5,37.6,12.8,2.5,3.19,6.44,1.0,64,4.0,4.0
84,2012,Panthers,58.0,8.0,86.5,34.9,0.438,-6,5.8,32.6,12.6,0.86,2.25,6.12,1.38,69,4.31,4.31
85,2012,Patriots,62.7,7.6,97.7,39.9,0.75,226,5.7,48.1,13.0,2.12,1.69,6.06,1.0,65,4.06,4.06
86,2012,Raiders,59.8,6.8,82.4,31.8,0.25,-153,5.3,31.4,13.5,0.92,1.69,6.75,1.62,62,3.88,3.88
87,2012,Rams,59.6,6.8,82.8,33.9,0.469,-49,5.3,27.5,18.0,1.0,2.19,8.12,1.38,51,3.19,3.19
88,2012,Ravens,59.6,7.1,86.4,32.5,0.625,54,5.4,35.8,11.2,1.38,2.38,7.56,1.0,74,4.62,4.62
89,2012,Commanders,65.8,8.3,102.1,38.7,0.625,48,6.2,39.3,11.4,1.71,2.06,7.25,0.88,61,3.81,3.81
90,2012,Saints,63.0,7.7,96.4,39.8,0.438,7,6.2,37.4,13.2,1.79,1.62,6.5,1.5,79,4.94,4.94
91,2012,Seahawks,64.0,8.0,100.6,37.8,0.688,167,5.8,39.4,18.5,1.5,2.06,6.88,1.12,56,3.5,3.5
92,2012,Steelers,61.7,7.0,88.1,35.2,0.5,22,5.2,33.9,18.3,0.9,2.31,5.75,1.88,56,3.5,3.5
93,2012,Texans,63.9,7.3,89.2,37.0,0.75,85,5.5,35.6,9.1,1.29,1.75,6.75,1.06,54,3.38,3.38
94,2012,Titans,58.9,6.6,76.9,30.7,0.375,-141,5.2,27.7,13.5,0.61,2.44,6.62,1.75,49,3.06,3.06
95,2012,Vikings,62.1,6.1,81.2,33.8,0.625,31,5.4,37.9,14.2,0.78,2.0,5.62,1.44,31,1.94,1.94
96,2013,Bears,64.4,7.7,96.9,37.1,0.5,-33,6.0,39.0,16.1,1.39,1.88,5.31,1.44,64,4.0,4.0
97,2013,Bengals,62.0,7.4,89.0,34.9,0.688,125,5.4,32.3,11.5,1.1,1.81,6.38,1.88,72,4.5,4.5
98,2013,Bills,57.3,6.5,75.0,28.5,0.375,-49,4.8,29.9,12.6,0.59,3.0,6.88,1.69,55,3.44,3.44
99,2013,Broncos,68.3,8.2,114.4,43.4,0.813,207,6.3,47.5,6.8,2.12,1.25,7.31,1.62,81,5.06,5.06
100,2013,Browns,55.6,6.4,75.7,29.4,0.25,-98,5.0,26.2,21.3,0.9,3.06,6.5,1.81,66,4.12,4.12
101,2013,Buccaneers,56.6,6.2,79.6,30.5,0.25,-101,4.5,27.1,16.3,1.05,2.94,7.56,1.31,46,2.88,2.88
102,2013,Cardinals,63.2,7.5,83.9,35.7,0.625,55,5.3,33.0,15.3,0.77,2.56,6.0,1.94,58,3.62,3.62
103,2013,Chargers,69.5,8.2,105.5,42.3,0.563,48,5.9,44.9,14.6,1.52,1.88,5.94,1.31,66,4.12,4.12
104,2013,Chiefs,61.0,6.5,88.6,32.8,0.688,125,5.2,32.0,12.6,1.33,2.56,6.31,1.12,52,3.25,3.25
105,2013,Colts,60.1,6.8,86.5,32.8,0.688,55,5.3,38.8,10.9,1.64,2.0,4.12,0.88,55,3.44,3.44
106,2013,Cowboys,64.0,7.2,95.7,36.4,0.5,7,5.7,39.9,15.3,1.65,2.19,6.38,1.25,55,3.44,3.44
107,2013,Dolphins,60.1,6.7,80.1,34.5,0.5,-18,5.0,29.9,15.1,0.92,3.62,4.38,1.62,58,3.62,3.62
108,2013,Eagles,61.0,8.7,102.7,38.8,0.625,60,6.3,36.8,11.5,1.68,2.88,5.94,1.19,98,6.12,6.12
109,2013,Falcons,67.5,6.9,89.5,34.4,0.25,-90,5.4,34.1,10.9,0.93,2.75,5.69,1.75,53,3.31,3.31
110,2013,Giants,57.3,6.8,67.6,31.0,0.438,-89,5.0,25.5,13.7,0.41,2.5,5.69,2.75,61,3.81,3.81
111,2013,Jaguars,59.0,6.3,71.8,29.7,0.25,-202,4.6,23.6,11.2,0.59,3.12,6.0,1.69,50,3.12,3.12
112,2013,Jets,55.4,6.8,66.6,32.1,0.5,-97,5.0,29.6,13.6,0.45,2.94,6.75,1.81,53,3.31,3.31
113,2013,Lions,58.5,7.3,84.2,34.9,0.438,19,5.7,32.1,15.7,0.85,1.44,6.88,2.12,72,4.5,4.5
114,2013,49ers,58.5,7.7,91.7,35.5,0.75,134,5.4,37.8,8.7,1.17,2.44,6.44,1.12,56,3.5,3.5
115,2013,Packers,64.2,8.0,91.7,35.3,0.531,-11,6.0,40.9,15.9,1.0,2.81,5.38,1.56,76,4.75,4.75
116,2013,Panthers,61.7,7.1,88.8,35.7,0.75,125,5.1,36.5,12.1,1.26,2.69,5.0,1.19,40,2.5,2.5
117,2013,Patriots,60.5,6.9,87.3,35.8,0.75,106,5.4,40.8,13.8,1.25,2.5,4.31,1.25,57,3.56,3.56
118,2013,Raiders,57.4,7.0,73.9,32.4,0.25,-131,5.3,27.8,25.0,0.55,2.75,7.25,1.94,56,3.5,3.5
119,2013,Rams,59.5,6.6,84.8,32.6,0.438,-16,5.0,31.5,15.3,1.05,2.25,7.69,1.31,46,2.88,2.88
120,2013,Ravens,58.6,6.3,72.0,30.5,0.5,-32,4.5,30.9,18.1,0.66,3.0,7.0,1.81,59,3.69,3.69
121,2013,Commanders,58.1,6.6,76.1,32.4,0.188,-144,5.3,27.6,9.5,0.59,2.69,6.19,2.12,45,2.81,2.81
122,2013,Saints,68.5,7.9,104.5,37.5,0.688,110,5.9,40.3,12.7,2.05,2.31,5.94,1.19,82,5.12,5.12
123,2013,Seahawks,63.6,8.4,102.4,38.1,0.813,186,5.6,40.7,17.3,1.42,2.75,8.0,1.19,62,3.88,3.88
124,2013,Steelers,64.3,7.4,92.3,35.3,0.5,9,5.3,35.4,12.2,1.17,2.69,5.0,1.5,71,4.44,4.44
125,2013,Texans,58.6,6.6,74.0,31.3,0.125,-152,5.1,25.9,13.6,0.61,2.62,7.0,1.94,62,3.88,3.88
126,2013,Titans,61.5,7.0,83.6,32.3,0.438,-19,5.2,34.2,13.9,0.88,2.31,6.31,1.56,58,3.62,3.62
127,2013,Vikings,59.5,6.7,76.0,31.7,0.344,-89,5.4,34.4,21.1,0.56,2.75,4.38,2.0,61,3.81,3.81
128,2014,Bears,65.0,6.6,87.3,31.9,0.313,-123,5.2,27.8,15.1,1.03,2.56,7.06,1.81,49,3.06,3.06
129,2014,Bengals,64.2,7.1,84.2,32.6,0.656,21,5.5,34.0,14.6,0.77,1.44,6.38,1.62,43,2.69,2.69
130,2014,Bills,62.7,6.7,86.0,32.1,0.563,54,5.0,32.5,11.9,1.0,2.44,7.75,1.44,60,3.75,3.75
131,2014,Broncos,65.7,7.9,101.3,37.4,0.75,128,6.0,39.9,12.6,2.0,1.06,7.5,1.25,78,4.88,4.88
132,2014,Browns,54.6,7.3,72.8,35.7,0.438,-38,5.1,28.0,18.3,0.52,1.94,7.25,1.44,67,4.19,4.19
133,2014,Buccaneers,56.7,6.8,75.2,30.5,0.125,-133,5.0,26.7,12.4,0.64,3.25,7.38,2.06,60,3.75,3.75
134,2014,Cardinals,56.3,7.0,81.8,33.6,0.688,11,5.2,30.9,18.3,1.24,1.75,5.69,1.06,69,4.31,4.31
135,2014,Chargers,66.2,7.5,93.4,37.3,0.563,0,5.4,33.9,15.5,1.35,2.31,6.94,1.44,66,4.12,4.12
136,2014,Chiefs,64.9,7.0,92.2,37.3,0.563,72,5.3,35.8,14.7,1.06,3.06,5.5,1.06,46,2.88,2.88
137,2014,Colts,62.0,7.7,96.8,38.0,0.688,89,5.9,39.5,11.4,1.35,1.81,6.56,1.94,93,5.81,5.81
138,2014,Cowboys,68.9,8.4,110.9,43.1,0.75,115,6.1,43.6,12.6,1.48,1.88,6.56,1.56,66,4.12,4.12
139,2014,Dolphins,66.2,6.8,92.5,38.0,0.5,15,5.4,37.6,14.0,1.17,2.88,5.06,1.44,45,2.81,2.81
140,2014,Eagles,61.8,7.4,84.8,35.1,0.625,74,5.6,36.9,17.5,0.75,2.0,7.19,2.25,76,4.75,4.75
141,2014,Falcons,66.1,7.5,93.4,36.9,0.375,-36,5.8,38.9,16.1,1.22,1.94,6.06,1.44,70,4.38,4.38
142,2014,Giants,63.1,7.4,92.2,35.9,0.375,-20,5.4,34.7,15.0,1.07,1.88,6.31,1.75,63,3.94,3.94
143,2014,Jaguars,58.4,6.2,72.0,27.6,0.188,-163,4.7,22.6,16.9,0.58,4.44,4.56,1.62,52,3.25,3.25
144,2014,Jets,57.6,6.4,75.1,30.9,0.25,-118,5.0,31.7,16.0,0.67,2.94,6.81,1.5,49,3.06,3.06
145,2014,Lions,60.4,7.1,85.9,34.8,0.688,39,5.2,32.4,15.3,1.1,2.81,7.38,1.25,65,4.06,4.06
146,2014,49ers,60.0,7.0,86.3,33.9,0.5,-34,5.2,30.9,15.8,0.91,3.25,7.25,1.38,54,3.38,3.38
147,2014,Packers,65.1,8.3,109.9,41.4,0.75,138,6.2,46.7,12.1,2.92,1.88,5.75,0.81,74,4.62,4.62
148,2014,Panthers,60.0,7.0,86.2,36.5,0.469,-35,5.2,34.8,9.7,1.0,2.62,5.19,1.44,47,2.94,2.94
149,2014,Patriots,64.4,7.0,97.5,37.4,0.75,155,5.5,45.3,7.8,2.62,1.62,7.5,0.81,54,3.38,3.38
150,2014,Raiders,58.0,5.5,74.4,27.5,0.188,-199,4.5,22.7,17.3,0.76,1.75,7.25,1.81,37,2.31,2.31
151,2014,Rams,63.5,7.2,84.9,36.7,0.375,-30,5.3,29.6,18.7,0.74,2.94,7.69,1.69,50,3.12,3.12
152,2014,Ravens,62.1,7.2,91.0,35.0,0.625,107,5.7,39.6,15.3,1.35,1.19,6.94,1.25,57,3.56,3.56
153,2014,Commanders,66.5,8.2,88.8,34.0,0.25,-137,5.7,29.7,13.2,0.58,3.62,7.5,1.94,77,4.81,4.81
154,2014,Saints,69.2,7.5,97.0,39.2,0.438,-23,6.0,39.1,13.8,1.1,1.88,5.0,1.88,62,3.88,3.88
155,2014,Seahawks,63.2,7.7,95.1,35.2,0.75,140,5.9,40.6,11.4,1.43,2.62,8.12,0.88,62,3.88,3.88
156,2014,Steelers,67.2,8.2,103.2,39.7,0.688,68,6.2,41.4,11.4,1.57,2.06,6.44,1.31,71,4.44,4.44
157,2014,Texans,60.8,7.1,86.4,35.3,0.563,65,5.2,33.0,10.1,1.0,1.62,5.88,1.38,58,3.62,3.62
158,2014,Titans,58.3,7.3,81.0,31.0,0.125,-184,5.3,23.6,20.9,0.77,3.12,6.94,1.62,58,3.62,3.62
159,2014,Vikings,62.3,6.9,79.2,33.1,0.438,-18,5.1,31.8,18.5,0.85,3.19,6.25,1.25,50,3.12,3.12
160,2015,Bears,63.9,7.4,89.7,33.8,0.375,-62,5.4,37.4,15.0,1.0,2.12,6.19,1.31,66,4.12,4.12
161,2015,Bengals,66.1,8.1,104.1,37.8,0.75,140,5.7,39.6,12.6,1.82,2.0,6.94,1.06,76,4.75,4.75
162,2015,Bills,63.4,7.7,95.6,33.3,0.5,20,5.7,34.9,16.9,1.21,2.62,8.94,1.19,63,3.94,3.94
163,2015,Broncos,60.7,7.0,76.3,33.2,0.75,59,5.4,31.2,10.6,0.61,2.44,7.19,1.94,52,3.25,3.25
164,2015,Browns,60.9,6.8,84.0,31.5,0.188,-154,5.1,29.8,14.5,0.67,3.31,7.5,1.88,60,3.75,3.75
165,2015,Buccaneers,58.3,7.6,84.2,37.6,0.375,-75,5.9,35.8,14.0,0.79,1.69,8.94,1.75,66,4.12,4.12
166,2015,Cardinals,62.8,8.5,101.0,42.2,0.813,176,6.3,42.5,15.7,1.46,1.69,5.88,1.5,81,5.06,5.06
167,2015,Chargers,66.3,7.3,94.5,34.5,0.25,-78,5.4,33.7,12.4,1.25,2.5,7.31,1.5,61,3.81,3.81
168,2015,Chiefs,65.5,7.4,95.4,32.8,0.688,118,5.5,37.9,17.4,1.33,2.88,6.5,0.94,52,3.25,3.25
169,2015,Colts,57.4,6.4,77.5,31.5,0.5,-75,4.9,29.4,10.0,0.87,2.31,6.75,1.88,53,3.31,3.31
170,2015,Cowboys,63.3,7.0,76.6,33.1,0.25,-99,5.5,31.4,9.6,0.48,2.06,7.0,2.06,44,2.75,2.75
171,2015,Dolphins,62.1,7.2,88.9,33.0,0.375,-79,5.4,25.7,16.5,1.26,2.81,8.38,1.19,70,4.38,4.38
172,2015,Eagles,65.0,7.0,85.6,31.0,0.438,-53,5.3,29.1,11.5,0.74,2.31,6.5,1.94,67,4.19,4.19
173,2015,Falcons,66.0,7.4,87.8,37.0,0.5,-6,5.6,34.5,10.3,0.7,2.0,6.25,1.88,58,3.62,3.62
174,2015,Giants,62.9,7.2,94.5,33.4,0.375,-22,5.7,38.2,16.3,1.71,1.69,6.38,1.31,69,4.31,4.31
175,2015,Jaguars,58.5,7.3,88.1,35.4,0.313,-72,5.5,34.2,17.3,1.25,3.19,6.56,1.75,83,5.19,5.19
176,2015,Jets,59.9,6.9,88.0,34.8,0.625,73,5.5,35.7,11.5,1.38,1.38,6.0,1.5,65,4.06,4.06
177,2015,Lions,66.5,7.1,95.1,37.3,0.438,-42,5.4,34.6,11.2,1.38,2.75,6.5,1.5,60,3.75,3.75
178,2015,49ers,61.2,6.9,82.6,29.3,0.313,-149,5.0,25.8,16.3,0.94,3.31,7.06,1.06,58,3.62,3.62
179,2015,Packers,60.7,6.7,92.7,30.2,0.625,45,5.1,33.3,11.3,1.82,2.94,6.56,1.06,61,3.81,3.81
180,2015,Panthers,59.9,7.7,99.2,39.3,0.938,192,5.5,42.9,9.9,1.84,2.06,6.44,1.19,63,3.94,3.94
181,2015,Patriots,64.2,7.6,101.9,36.4,0.75,150,5.7,43.2,6.9,2.57,2.38,6.0,0.88,71,4.44,4.44
182,2015,Raiders,61.6,6.8,91.0,31.9,0.438,-40,5.3,31.8,11.8,1.42,2.06,8.69,1.5,63,3.94,3.94
183,2015,Rams,57.7,6.2,74.1,26.6,0.438,-50,5.2,24.5,13.6,0.5,1.12,7.62,1.38,45,2.81,2.81
184,2015,Ravens,63.0,6.6,79.4,31.2,0.313,-73,5.3,33.3,13.4,0.75,1.5,7.62,1.75,62,3.88,3.88
185,2015,Commanders,69.6,7.7,102.0,37.5,0.563,9,5.6,36.1,7.3,1.36,1.69,6.56,1.38,61,3.81,3.81
186,2015,Saints,69.0,7.8,100.6,37.0,0.438,-68,5.9,36.3,12.7,1.6,2.0,8.12,1.25,85,5.31,5.31
187,2015,Seahawks,68.1,8.3,109.8,38.8,0.625,146,5.9,42.0,18.4,2.12,2.88,7.31,1.0,69,4.31,4.31
188,2015,Steelers,66.3,8.2,91.2,35.1,0.625,104,6.3,40.5,10.8,0.93,2.06,5.88,1.75,82,5.12,5.12
189,2015,Texans,57.8,6.6,85.3,33.9,0.563,26,4.9,28.9,8.9,1.45,2.25,6.69,1.25,54,3.38,3.38
190,2015,Titans,62.1,7.1,85.5,35.4,0.188,-124,5.1,25.7,12.8,0.76,3.38,5.81,2.06,55,3.44,3.44
191,2015,Vikings,64.8,7.2,87.9,33.7,0.688,63,5.3,38.4,14.7,0.82,2.81,5.5,1.06,47,2.94,2.94
192,2016,49ers,58.4,6.4,83.4,31.0,0.125,-171,4.9,27.4,16.6,0.84,2.94,6.19,1.56,41,2.56,2.56
193,2016,Bears,62.1,7.4,81.8,37.9,0.188,-120,5.9,27.3,20.1,0.61,1.75,6.88,1.94,53,3.31,3.31
194,2016,Bengals,64.6,7.5,91.8,36.2,0.406,10,5.4,35.8,12.6,1.06,2.56,5.5,1.06,66,4.12,4.12
195,2016,Bills,60.3,6.9,86.7,32.7,0.438,21,5.6,36.7,15.5,1.42,2.88,7.0,0.75,43,2.69,2.69
196,2016,Broncos,59.5,6.9,83.9,31.8,0.563,36,5.1,30.3,16.5,0.8,2.5,7.44,1.56,48,3.0,3.0
197,2016,Browns,59.6,6.5,77.4,31.9,0.063,-188,5.1,27.2,16.4,0.6,4.12,5.94,1.56,53,3.31,3.31
198,2016,Buccaneers,61.4,7.2,87.0,38.1,0.563,-15,5.2,32.4,13.5,1.07,2.19,6.81,1.69,47,2.94,2.94
199,2016,Cardinals,59.3,6.8,83.5,35.4,0.469,56,5.4,35.0,10.2,1.0,2.56,6.5,1.75,57,3.56,3.56
200,2016,Chargers,60.2,7.6,87.6,36.9,0.313,-13,5.6,38.1,12.4,0.94,2.25,6.69,2.19,73,4.56,4.56
201,2016,Chiefs,66.8,7.2,93.2,36.1,0.75,78,5.5,37.1,9.4,1.12,2.0,6.81,1.06,55,3.44,3.44
202,2016,Colts,63.4,7.7,94.5,37.7,0.5,19,5.6,40.6,15.0,1.45,2.75,6.44,1.38,71,4.44,4.44
203,2016,Cowboys,67.3,7.9,103.0,39.5,0.813,115,6.0,43.9,9.5,1.67,1.75,6.56,0.94,47,2.94,2.94
204,2016,Dolphins,66.2,7.8,95.5,35.0,0.625,-17,5.8,30.7,15.2,1.17,1.88,7.81,1.44,61,3.81,3.81
205,2016,Eagles,62.4,6.2,79.2,31.5,0.438,36,5.0,37.6,13.4,0.8,2.06,7.06,1.25,45,2.81,2.81
206,2016,Falcons,69.6,9.2,116.8,44.5,0.688,134,6.7,52.6,13.5,3.45,2.31,6.5,0.69,86,5.38,5.38
207,2016,Giants,63.0,6.7,86.0,31.8,0.688,26,5.2,27.5,10.4,0.96,1.38,5.5,1.69,57,3.56,3.56
208,2016,Jaguars,59.0,6.3,79.5,33.1,0.188,-82,5.1,31.4,12.5,0.83,2.12,8.06,1.81,48,3.0,3.0
209,2016,Jets,56.6,6.6,67.6,30.2,0.313,-134,5.3,29.7,13.8,0.47,2.19,5.81,2.12,58,3.62,3.62
210,2016,Lions,65.3,7.3,93.3,36.5,0.563,-12,5.5,41.0,7.9,1.6,2.31,6.25,0.94,62,3.88,3.88
211,2016,Packers,65.0,7.2,102.2,35.8,0.625,44,5.7,43.8,9.0,2.35,2.19,6.25,1.06,67,4.19,4.19
212,2016,Panthers,54.4,7.0,75.1,34.5,0.375,-33,5.2,34.7,17.5,0.72,2.25,6.12,1.81,58,3.62,3.62
213,2016,Patriots,66.9,8.1,109.5,36.9,0.875,191,5.9,42.9,12.4,2.91,1.5,5.81,0.69,65,4.06,4.06
214,2016,Raiders,63.6,6.9,95.3,33.2,0.75,31,5.7,38.7,11.6,2.07,1.12,9.19,0.88,59,3.69,3.69
215,2016,Rams,58.2,6.2,69.5,28.2,0.25,-170,4.4,21.8,15.5,0.48,3.06,7.88,1.81,52,3.25,3.25
216,2016,Ravens,64.6,6.4,82.6,30.2,0.5,22,5.2,35.6,10.9,0.87,2.06,7.81,1.44,51,3.19,3.19
217,2016,Commanders,67.0,8.2,97.4,37.2,0.531,13,6.4,43.4,15.3,1.19,1.44,6.88,1.31,83,5.19,5.19
218,2016,Saints,70.0,7.8,102.5,39.3,0.438,15,6.2,45.9,15.0,1.58,1.69,6.69,1.5,82,5.12,5.12
219,2016,Seahawks,64.9,7.8,93.4,35.8,0.656,62,5.6,37.3,17.1,1.28,2.62,7.31,1.12,66,4.12,4.12
220,2016,Steelers,63.9,7.3,93.9,35.2,0.688,72,5.8,38.5,13.0,1.83,1.31,7.0,1.12,74,4.62,4.62
221,2016,Texans,59.5,5.9,73.2,29.7,0.563,-49,4.7,31.4,13.2,0.62,2.0,5.44,1.5,38,2.38,2.38
222,2016,Titans,60.9,7.4,93.7,34.7,0.563,3,5.7,36.4,15.0,1.61,1.75,6.88,1.12,61,3.81,3.81
223,2016,Vikings,70.4,7.0,97.7,35.5,0.5,20,5.0,32.8,16.6,1.25,2.38,6.44,1.0,60,3.75,3.75
224,2017,49ers,59.6,7.0,78.8,33.9,0.375,-52,5.3,37.5,15.8,0.65,2.69,7.69,1.44,63,3.94,3.94
225,2017,Bears,61.5,6.5,79.1,30.4,0.313,-56,4.9,24.1,19.0,0.59,2.44,7.19,1.38,34,2.12,2.12
226,2017,Bengals,59.6,6.6,86.0,32.4,0.438,-59,4.8,26.5,15.8,1.09,2.5,6.88,1.44,43,2.69,2.69
227,2017,Bills,60.7,6.5,82.1,31.3,0.563,-57,4.8,31.7,10.6,1.0,2.94,6.12,1.0,44,2.75,2.75
228,2017,Broncos,58.7,6.5,73.0,31.8,0.313,-93,4.8,26.4,11.7,0.56,3.25,7.06,2.12,58,3.62,3.62
229,2017,Browns,54.4,6.2,61.4,27.4,0.0,-176,4.9,22.0,16.3,0.37,3.12,6.88,2.56,58,3.62,3.62
230,2017,Buccaneers,62.5,7.6,90.6,40.2,0.313,-47,5.6,33.7,17.8,0.96,2.5,6.5,1.69,53,3.31,3.31
231,2017,Cardinals,56.7,6.6,76.2,33.4,0.5,-66,4.7,29.2,11.1,0.84,3.25,6.88,1.56,60,3.75,3.75
232,2017,Chargers,62.8,7.8,95.1,37.7,0.563,83,5.9,33.3,14.5,1.87,1.12,6.75,0.94,73,4.56,4.56
233,2017,Chiefs,66.8,8.0,100.8,36.5,0.625,76,6.1,44.9,6.8,2.36,2.31,7.38,0.69,68,4.25,4.25
234,2017,Colts,58.5,6.6,79.6,30.4,0.25,-141,4.6,29.4,10.1,0.87,3.5,5.75,0.94,45,2.81,2.81
235,2017,Cowboys,62.7,6.8,86.3,32.9,0.563,22,5.3,36.3,20.3,1.0,2.0,6.06,1.38,42,2.62,2.62
236,2017,Dolphins,62.0,6.3,78.7,31.1,0.375,-112,4.9,25.8,15.7,0.83,2.06,8.56,1.81,46,2.88,2.88
237,2017,Eagles,60.5,7.0,97.6,34.2,0.813,162,5.5,40.3,11.7,1.9,2.25,7.25,1.25,52,3.25,3.25
238,2017,Falcons,64.7,7.8,92.4,37.7,0.625,38,5.9,41.2,9.3,1.17,1.5,6.38,1.12,64,4.0,4.0
239,2017,Giants,61.4,6.0,79.8,29.3,0.188,-142,4.9,22.7,14.6,0.91,2.12,5.69,1.38,39,2.44,2.44
240,2017,Jaguars,60.0,7.0,84.4,36.6,0.625,149,5.4,34.7,13.4,0.91,1.5,7.0,1.44,49,3.06,3.06
241,2017,Jets,63.3,6.9,86.1,30.8,0.313,-84,5.0,28.6,19.2,0.79,2.94,7.44,1.5,54,3.38,3.38
242,2017,Lions,65.6,7.8,98.4,36.8,0.563,34,5.5,37.3,10.9,1.32,2.94,6.5,1.38,77,4.81,4.81
243,2017,Packers,62.6,6.3,82.0,31.3,0.438,-64,4.9,30.5,12.4,1.0,3.19,6.0,1.56,46,2.88,2.88
244,2017,Panthers,58.5,6.6,79.8,33.3,0.688,36,5.0,37.4,16.7,1.0,2.19,5.19,1.38,51,3.19,3.19
245,2017,Patriots,66.3,7.9,102.6,39.5,0.813,162,5.9,49.4,5.4,2.67,2.19,5.94,0.75,73,4.56,4.56
246,2017,Raiders,62.2,6.7,85.3,31.9,0.375,-72,5.4,29.2,11.8,0.82,1.5,7.12,1.75,57,3.56,3.56
247,2017,Rams,61.8,7.8,98.3,35.7,0.688,149,5.8,45.3,14.8,1.33,1.75,6.69,1.31,70,4.38,4.38
248,2017,Ravens,64.0,5.7,81.4,29.6,0.563,92,4.6,36.5,9.5,1.18,1.69,5.69,1.06,34,2.12,2.12
249,2017,Commanders,64.3,7.6,93.8,35.4,0.438,-46,5.3,31.9,14.8,1.0,2.56,5.75,1.69,68,4.25,4.25
250,2017,Saints,72.0,8.1,103.9,37.5,0.688,122,6.3,44.6,9.0,1.28,1.25,6.56,1.12,83,5.19,5.19
251,2017,Seahawks,61.3,7.2,94.4,33.0,0.563,34,5.2,30.5,9.5,2.0,2.69,9.25,1.06,70,4.38,4.38
252,2017,Steelers,65.1,7.7,94.1,36.8,0.813,98,5.8,43.0,9.5,1.45,1.5,6.31,1.25,72,4.5,4.5
253,2017,Texans,57.0,6.9,82.8,34.3,0.25,-98,5.0,29.2,14.7,1.0,3.38,7.75,1.75,59,3.69,3.69
254,2017,Titans,61.7,6.8,77.1,31.6,0.563,-22,5.2,35.1,16.9,0.56,2.19,5.31,1.56,45,2.81,2.81
255,2017,Vikings,67.7,7.5,99.1,37.2,0.813,130,5.4,38.9,15.7,1.79,1.69,6.25,0.88,62,3.88,3.88
256,2018,49ers,62.2,8.0,87.8,37.8,0.25,-93,5.8,37.0,11.6,0.81,3.0,7.0,2.0,73,4.56,4.56
257,2018,Bears,67.2,7.3,95.4,34.6,0.75,138,5.4,36.8,6.1,1.17,2.06,6.06,1.5,57,3.56,3.56
258,2018,Bengals,61.1,6.6,87.0,33.6,0.375,-87,5.3,35.5,10.0,1.59,2.31,7.12,1.06,54,3.38,3.38
259,2018,Bills,54.3,6.2,62.6,27.4,0.375,-105,4.7,26.4,12.8,0.41,2.56,7.25,2.0,51,3.19,3.19
260,2018,Broncos,62.4,6.7,82.1,30.8,0.375,-20,5.5,30.6,15.5,0.9,2.12,7.81,1.31,64,4.0,4.0
261,2018,Browns,61.5,7.4,88.8,32.9,0.469,-33,5.8,31.2,9.6,1.21,2.38,7.0,1.5,71,4.44,4.44
262,2018,Buccaneers,65.3,8.6,94.1,42.4,0.313,-68,6.3,37.0,20.4,1.03,2.56,7.31,2.19,85,5.31,5.31
263,2018,Cardinals,57.2,5.8,69.0,27.7,0.188,-200,4.3,19.3,11.2,0.54,3.25,6.31,1.75,35,2.19,2.19
264,2018,Chargers,68.0,8.4,104.9,41.6,0.75,99,6.3,42.4,16.3,1.68,2.12,7.06,1.19,70,4.38,4.38
265,2018,Chiefs,66.0,8.8,113.8,41.0,0.75,144,6.8,52.6,14.2,2.78,1.62,8.56,1.12,91,5.69,5.69
266,2018,Colts,67.1,7.1,98.2,36.8,0.625,89,5.8,41.2,11.7,1.62,1.12,7.5,1.5,60,3.75,3.75
267,2018,Cowboys,67.6,7.4,96.7,34.9,0.625,15,5.4,37.9,11.5,1.29,3.5,6.5,1.06,48,3.0,3.0
268,2018,Dolphins,64.2,7.3,93.0,33.6,0.438,-114,5.3,28.3,13.8,1.13,3.25,6.75,1.44,43,2.69,2.69
269,2018,Eagles,70.4,7.6,100.8,36.9,0.563,19,5.6,38.1,17.9,1.26,2.5,6.25,1.44,61,3.81,3.81
270,2018,Falcons,69.4,8.0,108.0,38.6,0.438,-9,6.2,42.9,10.7,2.0,2.62,6.31,1.12,65,4.06,4.06
271,2018,Giants,65.5,7.6,92.7,35.7,0.313,-43,5.8,38.4,18.6,1.21,2.94,7.12,1.19,71,4.44,4.44
272,2018,Jaguars,61.4,6.4,79.1,30.6,0.313,-71,4.8,25.0,15.6,0.52,3.31,7.56,1.81,44,2.75,2.75
273,2018,Jets,57.1,6.5,73.0,30.0,0.25,-108,4.9,32.0,15.9,0.6,2.31,7.12,1.88,49,3.06,3.06
274,2018,Lions,65.3,6.7,88.5,35.0,0.375,-36,5.1,35.3,13.2,1.16,2.56,5.88,1.19,50,3.12,3.12
275,2018,Packers,61.2,7.2,93.7,32.5,0.406,-24,5.8,38.8,14.6,1.67,3.31,6.75,0.94,73,4.56,4.56
276,2018,Panthers,67.1,7.2,92.9,37.7,0.438,-6,5.9,37.0,12.8,1.27,2.0,5.75,1.38,57,3.56,3.56
277,2018,Patriots,65.8,7.7,97.8,35.9,0.688,111,5.9,40.8,8.3,1.61,1.31,5.81,1.12,62,3.88,3.88
278,2018,Raiders,68.7,7.3,93.6,35.4,0.25,-177,5.4,31.3,12.7,0.79,3.25,6.88,1.5,59,3.69,3.69
279,2018,Rams,64.8,8.3,100.8,41.6,0.813,143,6.4,48.6,5.2,1.68,2.06,6.0,1.19,78,4.88,4.88
280,2018,Ravens,60.1,6.7,84.0,33.1,0.625,102,5.3,40.7,11.8,0.9,2.0,7.25,1.25,49,3.06,3.06
281,2018,Commanders,61.1,6.5,78.1,30.6,0.438,-78,5.0,31.8,11.4,0.84,2.75,7.19,1.19,46,2.88,2.88
282,2018,Saints,73.4,8.0,112.3,40.5,0.813,151,6.0,51.8,10.9,2.06,1.25,5.88,1.0,66,4.12,4.12
283,2018,Seahawks,65.6,8.1,110.9,36.5,0.625,81,5.6,39.8,15.6,3.18,3.19,6.94,0.69,60,3.75,3.75
284,2018,Steelers,66.6,7.5,95.5,36.4,0.594,68,6.1,36.8,16.7,1.35,1.5,6.94,1.62,78,4.88,4.88
285,2018,Texans,68.2,8.2,102.9,39.9,0.688,86,5.6,40.3,10.5,1.62,3.88,6.56,1.0,59,3.69,3.69
286,2018,Titans,67.0,7.4,89.8,35.7,0.563,7,5.3,34.9,11.3,0.89,2.94,5.12,1.12,43,2.69,2.69
287,2018,Vikings,70.1,7.1,99.7,36.0,0.531,19,5.5,32.4,10.7,1.5,2.5,5.75,1.25,54,3.38,3.38
288,2019,49ers,69.2,8.4,103.1,40.8,0.813,169,6.0,44.3,7.9,1.22,2.25,6.56,1.44,70,4.38,4.38
289,2019,Bears,64.0,6.2,83.9,30.7,0.5,-18,4.7,29.1,11.8,1.05,2.81,6.44,1.19,41,2.56,2.56
290,2019,Bengals,57.8,6.5,76.2,31.0,0.125,-141,4.9,29.8,12.0,0.6,3.0,5.81,1.88,55,3.44,3.44
291,2019,Bills,58.3,6.8,82.8,31.6,0.625,55,5.2,30.1,12.9,1.11,2.5,7.31,1.19,62,3.88,3.88
292,2019,Broncos,61.9,6.8,84.1,32.1,0.438,-34,5.0,32.4,13.9,1.0,2.56,6.88,1.0,56,3.5,3.5
293,2019,Browns,59.0,7.1,78.4,33.4,0.375,-58,5.6,33.9,15.6,0.79,2.56,7.62,1.75,67,4.19,4.19
294,2019,Buccaneers,60.6,8.1,84.1,38.7,0.438,9,5.9,37.9,12.1,0.8,2.94,8.31,2.56,88,5.5,5.5
295,2019,Cardinals,64.1,6.8,87.0,31.8,0.344,-81,5.5,38.8,14.8,1.11,3.12,7.56,1.12,59,3.69,3.69
296,2019,Chargers,66.0,7.8,89.0,36.8,0.313,-8,5.9,38.8,18.8,0.77,2.12,6.44,1.94,69,4.31,4.31
297,2019,Chiefs,65.6,8.1,104.4,36.6,0.75,143,6.2,48.8,12.2,2.0,1.56,6.69,0.94,77,4.81,4.81
298,2019,Colts,59.8,6.5,85.0,32.2,0.438,-12,5.2,36.3,14.9,1.05,2.0,4.94,1.31,41,2.56,2.56
299,2019,Cowboys,65.0,8.2,99.5,38.4,0.5,113,6.5,44.6,11.9,1.67,1.44,6.81,1.12,84,5.25,5.25
300,2019,Dolphins,60.3,6.7,80.0,34.2,0.313,-188,4.9,30.2,17.4,0.85,3.62,5.75,1.62,56,3.5,3.5
301,2019,Eagles,63.8,6.6,92.1,35.1,0.563,31,5.2,34.8,7.7,1.17,2.31,6.25,1.44,58,3.62,3.62
302,2019,Falcons,67.1,7.4,93.8,37.7,0.438,-18,5.5,40.8,10.3,1.16,3.12,7.44,1.56,57,3.56,3.56
303,2019,Giants,61.9,6.7,86.4,30.8,0.25,-110,5.4,28.6,15.0,0.91,2.69,5.62,2.06,65,4.06,4.06
304,2019,Jaguars,61.8,6.8,90.0,31.1,0.375,-97,5.4,33.9,12.8,1.2,2.62,8.25,1.25,59,3.69,3.69
305,2019,Jets,62.0,6.6,80.6,31.1,0.438,-83,4.6,23.3,17.5,0.76,3.25,7.19,1.56,50,3.12,3.12
306,2019,Lions,60.2,7.3,88.2,34.3,0.219,-82,5.4,33.3,15.2,1.22,2.69,7.06,1.44,73,4.56,4.56
307,2019,Packers,62.1,7.0,95.3,33.2,0.813,63,5.4,37.3,8.1,2.0,2.25,6.25,0.81,64,4.0,4.0
308,2019,Panthers,60.4,6.5,74.7,36.3,0.313,-130,5.1,32.3,10.9,0.49,3.62,5.44,2.19,47,2.94,2.94
309,2019,Patriots,61.0,6.7,88.2,31.8,0.75,195,5.2,36.3,8.1,1.67,1.75,5.88,0.94,68,4.25,4.25
310,2019,Raiders,70.2,7.9,101.0,37.1,0.438,-106,5.9,32.7,12.8,1.29,1.81,8.0,1.06,64,4.0,4.0
311,2019,Rams,62.8,7.4,85.6,35.1,0.563,30,5.7,35.7,11.0,0.92,1.38,7.38,1.5,79,4.94,4.94
312,2019,Ravens,65.7,7.6,109.0,38.9,0.875,249,6.1,51.8,7.8,2.47,1.75,6.81,0.94,52,3.25,3.25
313,2019,Commanders,62.2,6.7,83.0,32.2,0.188,-169,5.0,29.5,17.9,0.86,3.12,6.62,1.31,44,2.75,2.75
314,2019,Saints,71.9,7.6,110.2,39.6,0.813,117,5.9,46.2,10.3,4.5,1.56,7.5,0.5,63,3.94,3.94
315,2019,Seahawks,66.0,8.0,105.3,36.8,0.688,7,5.7,36.5,10.0,1.55,3.0,6.81,1.25,65,4.06,4.06
316,2019,Steelers,61.8,6.3,76.0,28.8,0.5,-14,4.7,28.9,12.8,0.6,2.0,6.94,1.88,45,2.81,2.81
317,2019,Texans,66.5,7.6,95.3,38.0,0.625,-7,5.7,37.9,8.4,1.23,3.06,6.94,1.38,61,3.81,3.81
318,2019,Titans,66.3,8.8,108.3,39.5,0.563,71,6.1,31.4,13.9,1.71,3.5,6.19,1.06,73,4.56,4.56
319,2019,Vikings,68.4,8.0,103.9,36.7,0.625,104,5.8,41.6,12.6,1.3,1.75,6.0,1.25,64,4.0,4.0
320,2020,49ers,65.1,7.6,90.1,38.1,0.375,-14,5.7,36.3,11.4,0.81,2.44,5.31,1.94,65,4.06,4.06
321,2020,Bears,65.5,6.4,86.5,35.5,0.5,2,5.1,38.9,12.1,1.18,2.25,5.5,1.38,45,2.81,2.81
322,2020,Bengals,64.0,6.5,85.6,34.6,0.281,-113,4.9,33.0,13.8,0.79,3.0,5.19,1.5,40,2.5,2.5
323,2020,Bills,68.8,8.0,107.6,40.3,0.813,126,6.1,49.4,10.0,1.82,1.69,6.38,1.38,76,4.75,4.75
324,2020,Broncos,57.0,6.6,72.5,31.6,0.313,-123,5.2,33.0,14.9,0.66,2.0,5.06,2.0,60,3.75,3.75
325,2020,Browns,62.9,7.4,96.6,38.9,0.688,-11,5.8,40.6,13.5,1.69,1.62,6.25,1.0,50,3.12,3.12
326,2020,Buccaneers,65.5,7.6,102.8,38.0,0.688,137,6.0,47.8,8.3,2.47,1.38,5.25,1.06,79,4.94,4.94
327,2020,Cardinals,67.3,7.1,94.1,36.7,0.5,43,5.7,40.2,15.5,1.29,1.81,7.06,1.31,59,3.69,3.69
328,2020,Chargers,65.9,7.2,97.0,36.0,0.438,-42,5.4,38.3,11.4,1.94,2.12,5.31,1.0,64,4.0,4.0
329,2020,Chiefs,66.7,7.9,107.3,40.5,0.875,111,6.3,47.9,10.4,2.5,1.5,6.56,1.0,77,4.81,4.81
330,2020,Colts,67.2,7.6,95.9,36.4,0.688,89,5.9,44.4,11.4,1.6,1.31,5.88,0.94,64,4.0,4.0
331,2020,Cowboys,64.6,7.1,89.9,36.2,0.375,-78,5.3,40.6,20.1,0.96,2.75,6.0,1.62,61,3.81,3.81
332,2020,Dolphins,66.2,7.0,91.2,37.0,0.625,66,5.3,41.4,14.8,1.2,2.12,4.62,1.25,44,2.75,2.75
333,2020,Eagles,55.8,6.2,72.9,29.6,0.281,-84,5.0,27.9,16.6,0.76,4.06,6.69,1.81,52,3.25,3.25
334,2020,Falcons,65.0,7.4,93.9,38.7,0.25,-18,5.5,44.8,9.6,1.5,2.56,5.19,1.12,67,4.19,4.19
335,2020,Commanders,64.7,6.3,80.1,30.6,0.438,6,4.8,33.3,9.0,0.59,3.12,5.44,1.69,46,2.88,2.88
336,2020,Giants,62.1,6.4,79.6,34.4,0.375,-77,5.0,33.5,9.8,0.55,3.12,5.06,1.38,41,2.56,2.56
337,2020,Jaguars,62.8,6.4,83.9,33.3,0.063,-186,5.2,30.4,14.9,1.0,2.75,6.69,1.56,50,3.12,3.12
338,2020,Jets,58.5,6.2,75.9,29.3,0.125,-214,4.7,26.3,12.1,0.84,2.69,6.31,1.19,45,2.81,2.81
339,2020,Lions,64.3,7.6,93.3,37.8,0.313,-142,5.7,38.5,14.9,1.29,2.62,5.94,1.31,66,4.12,4.12
340,2020,Packers,70.7,8.2,121.5,41.1,0.813,140,6.3,49.7,12.4,4.36,1.31,5.25,0.69,71,4.44,4.44
341,2020,Panthers,67.8,7.5,87.4,34.9,0.313,-52,5.6,40.3,14.5,0.76,2.25,5.94,1.31,64,4.0,4.0
342,2020,Patriots,64.3,7.1,81.1,35.7,0.438,-27,5.3,36.9,13.4,0.63,2.31,3.88,1.19,41,2.56,2.56
343,2020,Raiders,67.0,8.0,100.4,37.4,0.5,-44,5.9,47.9,9.1,1.08,1.75,6.12,1.62,71,4.44,4.44
344,2020,Rams,66.4,7.1,88.4,34.9,0.625,76,5.5,34.2,9.0,0.8,1.56,4.44,1.56,56,3.5,3.5
345,2020,Ravens,63.3,7.2,95.7,35.0,0.688,165,5.9,45.3,12.7,1.5,2.0,6.5,1.12,43,2.69,2.69
346,2020,Saints,70.9,7.6,104.1,38.1,0.75,145,5.8,45.5,9.4,1.65,1.81,6.12,1.06,53,3.31,3.31
347,2020,Seahawks,68.9,7.5,105.0,38.4,0.75,88,5.8,44.4,9.3,2.22,3.0,5.25,1.12,56,3.5,3.5
348,2020,Steelers,65.2,6.3,93.5,31.4,0.75,104,5.1,37.2,14.9,1.94,0.88,5.06,1.12,55,3.44,3.44
349,2020,Texans,70.2,8.9,112.3,40.7,0.25,-80,6.4,42.9,13.8,1.83,3.12,5.0,1.12,81,5.06,5.06
350,2020,Titans,65.2,7.9,105.9,41.9,0.688,52,6.2,47.9,6.9,2.75,1.56,5.38,0.75,57,3.56,3.56
351,2020,Vikings,67.6,8.3,105.0,41.1,0.438,-45,6.2,39.8,17.3,1.52,2.44,5.12,1.44,65,4.06,4.06
352,2021,49ers,66.7,8.6,99.2,38.9,0.588,62,6.1,41.2,11.8,1.08,1.94,6.0,1.41,74,4.35,4.35
353,2021,Bears,61.2,6.7,75.5,33.2,0.353,-96,4.9,31.5,10.8,0.55,3.41,6.24,1.71,47,2.76,2.76
354,2021,Bengals,69.2,8.7,106.9,37.5,0.588,84,5.9,42.6,11.5,1.71,3.24,4.24,1.24,79,4.65,4.65
355,2021,Bills,63.4,6.8,91.3,36.0,0.647,194,5.7,45.2,7.2,1.64,1.59,6.65,1.29,59,3.47,3.47
356,2021,Broncos,65.4,7.1,91.7,33.1,0.412,13,5.4,36.9,13.6,1.11,2.35,4.88,1.06,53,3.12,3.12
357,2021,Browns,61.5,7.0,84.6,34.0,0.471,-22,5.5,32.2,9.9,0.95,2.88,6.59,1.29,56,3.29,3.29
358,2021,Buccaneers,67.3,7.4,101.6,37.4,0.765,158,6.1,44.3,11.8,2.26,1.35,5.71,1.12,86,5.06,5.06
359,2021,Cardinals,70.2,7.8,100.6,36.2,0.647,83,5.6,44.7,9.4,1.8,2.29,6.71,0.88,73,4.29,4.29
360,2021,Chargers,65.7,7.4,97.4,38.0,0.529,15,5.9,45.7,12.6,1.73,1.82,6.82,1.29,68,4.0,4.0
361,2021,Chiefs,66.4,7.3,98.1,39.6,0.706,116,5.9,48.2,9.6,1.48,1.65,6.53,1.47,69,4.06,4.06
362,2021,Colts,62.2,6.9,93.5,32.0,0.529,86,5.6,43.3,11.3,1.42,1.88,4.47,1.12,51,3.0,3.0
363,2021,Cowboys,68.6,7.7,104.8,38.3,0.706,172,6.0,43.8,12.8,2.0,1.94,7.47,1.18,72,4.24,4.24
364,2021,Dolphins,65.7,6.4,85.4,33.5,0.529,-32,4.8,30.1,10.5,0.81,2.35,6.18,1.53,53,3.12,3.12
365,2021,Eagles,62.2,7.3,89.2,33.8,0.529,59,5.7,43.4,17.2,1.25,1.82,6.29,0.94,56,3.29,3.29
366,2021,Falcons,65.8,7.0,86.6,34.2,0.412,-146,5.1,32.8,13.1,0.77,2.35,5.41,1.53,51,3.0,3.0
367,2021,Commanders,64.7,6.8,85.8,32.9,0.412,-99,5.1,34.6,12.4,0.88,2.53,4.82,1.41,49,2.88,2.88
368,2021,Giants,59.2,5.8,70.1,28.8,0.235,-158,4.7,27.5,15.6,0.5,2.24,5.18,1.76,37,2.18,2.18
369,2021,Jaguars,59.8,6.1,72.1,29.5,0.176,-204,5.0,26.4,12.6,0.41,1.88,6.12,1.71,49,2.88,2.88
370,2021,Jets,59.2,6.6,76.0,32.3,0.235,-194,5.0,29.4,11.8,0.74,3.12,6.06,1.59,58,3.41,3.41
371,2021,Lions,66.8,6.6,88.1,32.6,0.206,-142,5.2,34.3,16.1,1.0,2.12,6.18,1.35,54,3.18,3.18
372,2021,Packers,67.8,7.6,107.4,39.6,0.765,79,5.8,44.5,7.1,3.0,1.94,4.06,0.76,72,4.24,4.24
373,2021,Panthers,58.1,6.0,68.5,29.0,0.294,-100,4.6,29.2,17.2,0.48,3.06,6.29,1.71,41,2.41,2.41
374,2021,Patriots,68.0,7.7,95.5,35.0,0.588,159,5.7,48.0,11.2,1.04,1.65,5.59,1.35,68,4.0,4.0
375,2021,Raiders,68.3,7.7,93.8,34.6,0.588,-65,5.7,41.0,9.2,0.96,2.35,7.29,1.41,77,4.53,4.53
376,2021,Rams,66.9,8.1,101.6,38.4,0.706,88,6.0,45.9,6.9,1.78,1.82,4.47,1.35,83,4.88,4.88
377,2021,Ravens,64.8,7.0,84.4,34.2,0.471,-5,5.4,38.5,10.9,0.81,3.35,6.0,1.53,60,3.53,3.53
378,2021,Saints,58.1,6.8,87.4,32.7,0.529,29,4.9,33.7,16.7,1.61,2.18,5.76,1.06,49,2.88,2.88
379,2021,Seahawks,65.4,7.7,103.0,33.5,0.412,29,5.8,34.8,14.0,2.31,2.71,5.71,0.76,68,4.0,4.0
380,2021,Steelers,64.0,6.0,85.3,30.7,0.559,-55,4.8,34.7,13.1,1.15,2.24,6.24,1.18,50,2.94,2.94
381,2021,Texans,64.8,6.6,85.2,29.7,0.235,-172,4.7,26.6,12.8,0.95,2.59,6.71,1.29,52,3.06,3.06
382,2021,Titans,67.1,7.0,90.0,36.3,0.706,65,5.1,38.9,14.6,0.88,2.76,6.06,1.47,42,2.47,2.47
383,2021,Vikings,65.9,7.4,101.6,33.4,0.471,-1,5.7,39.3,9.5,2.62,1.76,6.53,0.76,73,4.29,4.29
384,2022,49ers,66.0,7.9,102.2,36.7,0.765,173,5.9,41.4,11.8,1.76,1.82,5.53,1.0,62,3.65,3.65
385,2022,Bears,59.2,6.9,80.3,28.9,0.176,-137,5.3,34.3,11.2,0.76,3.41,4.71,1.47,45,2.65,2.65
386,2022,Bengals,68.5,7.4,101.0,36.2,0.75,96,5.5,41.5,9.3,1.94,2.75,5.06,1.12,64,4.0,4.0
387,2022,Bills,62.9,7.5,95.8,36.9,0.813,169,6.1,45.0,5.7,1.3,2.06,5.75,1.69,63,3.94,3.94
388,2022,Broncos,60.4,7.0,81.2,29.1,0.294,-72,5.1,28.6,12.4,0.75,3.71,6.65,1.41,67,3.94,3.94
389,2022,Browns,62.0,6.9,84.9,33.7,0.412,-20,5.3,34.6,15.2,0.9,2.59,6.0,1.24,49,2.88,2.88
390,2022,Buccaneers,66.4,6.3,89.8,32.0,0.471,-45,5.1,32.0,9.6,1.18,1.29,5.82,1.29,58,3.41,3.41
391,2022,Cardinals,65.2,6.0,79.2,28.5,0.235,-109,4.8,32.1,8.2,0.68,2.71,6.94,1.47,43,2.53,2.53
392,2022,Chargers,68.2,6.7,93.3,32.6,0.588,7,5.3,38.1,7.1,1.37,2.29,4.76,1.12,57,3.35,3.35
393,2022,Chiefs,66.8,8.1,104.7,41.8,0.824,127,6.4,46.4,15.1,1.78,1.53,5.12,1.35,86,5.06,5.06
394,2022,Colts,65.9,6.4,79.2,32.0,0.265,-138,4.8,29.2,14.0,0.5,3.53,5.24,2.0,45,2.65,2.65
395,2022,Commanders,62.1,6.8,84.7,33.2,0.5,-22,4.9,29.4,18.0,1.04,2.82,5.41,1.35,56,3.29,3.29
396,2022,Cowboys,63.8,7.0,87.9,34.9,0.706,125,5.4,41.5,15.3,1.22,1.59,6.12,1.35,55,3.24,3.24
397,2022,Dolphins,63.0,8.2,95.0,37.7,0.529,-2,6.1,38.8,11.6,1.43,2.06,6.53,1.24,76,4.47,4.47
398,2022,Eagles,65.3,8.1,99.0,36.4,0.824,133,5.9,42.5,11.1,1.32,2.59,5.29,1.12,76,4.47,4.47
399,2022,Falcons,61.9,7.0,87.7,35.7,0.412,-21,5.4,39.5,14.8,0.81,2.18,4.0,1.24,42,2.47,2.47
400,2022,Giants,66.5,6.6,91.1,32.7,0.559,-6,5.2,37.3,11.3,1.06,2.88,6.24,0.94,33,1.94,1.94
401,2022,Jaguars,66.1,7.0,93.9,34.9,0.529,54,5.7,39.2,9.8,1.14,1.65,5.29,1.29,58,3.41,3.41
402,2022,Jets,56.9,6.4,75.0,30.5,0.412,-20,5.0,29.9,9.6,0.65,2.47,5.35,1.35,57,3.35,3.35
403,2022,Lions,65.1,7.6,99.3,38.8,0.529,26,5.9,43.2,8.9,1.93,1.41,5.29,0.88,69,4.06,4.06
404,2022,Packers,64.6,6.9,91.9,33.0,0.471,-1,5.5,36.2,12.3,1.23,1.88,5.24,1.29,62,3.65,3.65
405,2022,Panthers,58.4,7.1,80.2,30.2,0.412,-27,5.3,35.3,17.2,0.76,2.12,6.12,1.24,61,3.59,3.59
406,2022,Patriots,66.3,7.1,87.7,30.7,0.471,17,5.3,32.8,8.6,0.83,2.41,6.12,1.35,66,3.88,3.88
407,2022,Raiders,61.3,7.1,86.7,32.9,0.353,-23,5.7,42.4,10.3,1.33,2.06,6.65,1.24,68,4.0,4.0
408,2022,Rams,65.4,6.6,82.3,34.1,0.294,-77,4.8,33.5,10.2,0.7,3.47,4.47,1.35,42,2.47,2.47
409,2022,Ravens,61.5,6.6,82.5,30.5,0.588,35,5.5,38.9,13.7,0.9,2.24,4.82,1.24,39,2.29,2.29
410,2022,Saints,66.0,7.8,93.6,35.4,0.412,-15,5.6,31.7,10.4,0.96,2.24,5.82,1.47,58,3.41,3.41
411,2022,Seahawks,69.6,7.5,100.0,36.0,0.529,6,5.7,40.6,8.6,1.3,2.71,6.24,1.35,56,3.29,3.29
412,2022,Steelers,63.8,6.4,78.7,33.1,0.529,-38,4.9,35.0,14.0,0.63,2.24,5.53,1.12,47,2.76,2.76
413,2022,Texans,60.8,6.3,76.8,27.5,0.206,-131,4.7,28.8,16.2,0.71,2.24,5.18,1.65,62,3.65,3.65
414,2022,Titans,62.5,7.1,85.3,33.6,0.412,-61,5.1,27.9,14.4,0.7,2.88,6.53,1.35,52,3.06,3.06
415,2022,Vikings,66.7,7.2,93.1,36.3,0.765,-3,5.5,36.0,9.3,1.3,2.76,5.18,1.35,60,3.53,3.53
416,2023,49ers,68.4,9.3,110.2,42.2,0.706,193,6.6,45.3,9.7,1.83,2.0,5.94,1.06,90,5.29,5.29
417,2023,Bears,62.6,6.7,82.2,32.9,0.412,-19,5.0,38.0,17.4,0.76,2.94,5.82,1.47,53,3.12,3.12
418,2023,Bengals,68.3,6.9,93.0,33.8,0.529,-18,5.2,34.6,13.3,1.69,2.94,4.47,0.94,56,3.29,3.29
419,2023,Bills,66.5,7.4,92.2,34.4,0.647,140,5.7,41.4,4.9,1.04,1.41,6.24,1.65,58,3.41,3.41
420,2023,Broncos,65.7,7.0,96.7,30.0,0.471,-56,5.0,34.9,11.6,1.27,3.06,5.82,1.29,57,3.35,3.35
421,2023,Browns,56.9,6.4,73.7,27.7,0.647,34,4.8,32.9,10.5,0.65,2.65,6.76,2.18,68,4.0,4.0
422,2023,Buccaneers,64.1,7.1,94.2,33.1,0.529,23,5.1,35.5,6.3,1.56,2.35,5.88,1.06,72,4.24,4.24
423,2023,Cardinals,64.0,6.2,82.9,31.2,0.235,-125,5.2,35.0,10.7,1.0,2.47,5.94,1.06,41,2.41,2.41
424,2023,Chargers,64.7,6.8,91.8,32.3,0.294,-52,5.1,34.7,18.2,1.14,2.53,4.65,1.24,62,3.65,3.65
425,2023,Chiefs,66.3,6.9,89.6,34.0,0.647,77,5.5,39.3,9.0,1.0,1.65,5.65,1.65,60,3.53,3.53
426,2023,Colts,61.8,6.8,85.0,31.0,0.529,-19,5.2,35.7,12.2,0.82,2.41,5.59,1.29,56,3.29,3.29
427,2023,Commanders,64.0,6.6,81.6,29.9,0.235,-189,5.0,29.4,11.2,0.75,3.82,5.12,1.88,53,3.12,3.12
428,2023,Cowboys,69.7,7.6,104.6,37.3,0.706,194,5.6,50.3,8.7,2.25,2.35,6.76,0.94,71,4.18,4.18
429,2023,Dolphins,69.4,8.3,101.2,39.4,0.647,105,6.5,43.5,11.1,1.2,1.82,5.71,1.47,71,4.18,4.18
430,2023,Eagles,65.5,7.2,89.2,35.0,0.647,5,5.4,42.9,13.0,0.86,2.29,5.59,1.65,57,3.35,3.35
431,2023,Falcons,61.7,7.1,80.5,34.2,0.412,-52,5.2,32.1,12.7,0.61,2.35,4.94,1.65,56,3.29,3.29
432,2023,Giants,65.2,6.5,83.4,27.2,0.353,-141,4.5,23.6,11.4,0.79,5.0,5.24,1.12,51,3.0,3.0
433,2023,Jaguars,66.4,7.1,89.3,32.1,0.529,6,5.2,35.4,9.8,0.73,2.41,4.88,1.76,61,3.59,3.59
434,2023,Jets,59.2,5.6,70.5,26.0,0.412,-87,4.3,26.0,6.8,0.33,3.76,7.29,1.94,40,2.35,2.35
435,2023,Lions,67.3,7.6,98.1,37.6,0.706,66,5.9,40.6,9.1,1.3,1.82,5.71,1.35,79,4.65,4.65
436,2023,Packers,64.4,7.2,96.4,36.3,0.529,33,5.6,39.7,9.0,1.78,1.76,6.18,1.06,63,3.71,3.71
437,2023,Panthers,59.7,5.5,75.2,25.6,0.118,-180,4.1,25.0,14.0,0.65,3.82,6.06,1.18,36,2.12,2.12
438,2023,Patriots,63.0,6.1,73.8,27.5,0.235,-130,4.6,20.2,17.8,0.55,2.82,5.24,1.71,38,2.24,2.24
439,2023,Raiders,62.5,6.6,80.1,32.7,0.471,1,4.9,31.8,7.2,0.83,2.35,4.41,1.41,40,2.35,2.35
440,2023,Rams,61.9,7.4,90.0,35.3,0.588,27,5.6,41.1,14.2,1.44,2.0,5.24,1.06,72,4.24,4.24
441,2023,Ravens,66.4,7.9,102.5,36.4,0.765,203,5.9,43.1,9.9,1.42,2.41,6.0,1.12,61,3.59,3.59
442,2023,Saints,67.0,7.0,94.8,32.8,0.529,75,5.1,36.6,14.8,1.56,2.06,5.65,1.06,63,3.71,3.71
443,2023,Seahawks,64.5,7.2,90.7,32.9,0.529,-38,5.5,38.8,14.5,1.35,2.24,6.53,1.0,62,3.65,3.65
444,2023,Steelers,63.8,6.8,84.6,30.2,0.588,-20,5.0,29.9,8.5,0.81,2.12,5.06,0.94,50,2.94,2.94
445,2023,Texans,62.8,7.7,96.2,36.3,0.588,24,5.4,37.2,11.4,1.93,2.76,6.71,0.82,79,4.65,4.65
446,2023,Titans,61.5,7.1,83.2,32.0,0.353,-62,4.9,32.6,13.6,0.7,3.76,6.47,1.18,64,3.76,3.76
447,2023,Vikings,67.2,7.4,92.4,34.9,0.412,-18,5.5,34.1,7.5,0.88,2.76,5.24,2.0,81,4.76,4.76
