year,team,wins,losses,win_loss_perc,points,points_opp,points_diff,g,plays_offense,yds_per_play_offense,turnovers,fumbles_lost,penalties,penalties_yds,pen_fd,score_pct,turnover_pct
2010,New England Patriots,14,2,0.875,518,313,205,16,986,5.9,10,5,83,766,20,47,11.3
2010,New York Jets,11,5,0.688,367,304,63,16,1087,5.2,21,7,103,934,18,32.2,17.2
2010,Miami Dolphins,7,9,0.438,273,333,-60,16,1040,5,31,10,72,595,20,29.7,17.6
2010,Buffalo Bills,4,12,0.25,283,425,-142,16,954,5.1,39,18,82,633,15,25.3,11.8
2010,Pittsburgh Steelers,12,4,0.75,375,232,143,16,993,5.6,18,9,100,903,14,36.9,16.6
2010,Baltimore Ravens,12,4,0.75,357,270,87,16,1018,5.1,20,10,90,673,31,32.8,11.1
2010,Cleveland Browns,5,11,0.313,271,332,-61,16,927,5,29,11,78,675,24,27.7,13.5
2010,Cincinnati Bengals,4,12,0.25,322,395,-73,16,1046,5.1,34,14,90,725,26,30.5,17.2
2010,Indianapolis Colts,10,6,0.625,435,388,47,16,1088,5.6,25,8,79,709,26,40.2,10.2
2010,Jacksonville Jaguars,8,8,0.5,353,419,-66,16,1019,5.4,33,12,83,675,21,35,9.6
2010,Houston Texans,6,10,0.375,390,427,-37,16,1029,6,18,6,90,690,20,39.7,15.8
2010,Tennessee Titans,6,10,0.375,356,339,17,16,907,5.3,29,14,128,1040,24,33.2,13.8
2010,Kansas City Chiefs,10,6,0.625,366,326,40,16,1063,5.3,14,6,90,771,23,31.3,8.5
2010,San Diego Chargers,9,7,0.563,441,322,119,16,1039,6.1,29,16,84,677,27,40.3,12
2010,Oakland Raiders,8,8,0.5,410,371,39,16,1039,5.5,26,10,148,1276,34,34.5,12.2
2010,Denver Broncos,4,12,0.25,344,471,-127,16,1018,5.5,27,15,98,944,24,30.6,15.7
2010,Philadelphia Eagles,10,6,0.625,439,377,62,16,1038,6,25,12,129,1101,17,39.8,10.2
2010,New York Giants,10,6,0.625,394,347,47,16,1035,5.9,42,17,92,777,27,32.4,13.8
2010,Dallas Cowboys,6,10,0.375,394,436,-42,16,1035,5.6,30,11,109,863,22,34.6,13.6
2010,Washington Redskins,6,10,0.375,302,377,-75,16,1002,5.4,31,12,90,647,29,26.3,18.4
2010,Chicago Bears,11,5,0.688,334,286,48,16,936,4.9,31,10,91,768,24,29.3,15.6
2010,Green Bay Packers,10,6,0.625,388,240,148,16,1000,5.7,22,9,78,617,20,35,13.1
2010,Detroit Lions,6,10,0.375,362,369,-7,16,1064,5.1,25,9,136,1018,22,32.1,14.5
2010,Minnesota Vikings,6,10,0.375,281,348,-67,16,982,5.1,37,11,100,769,26,24.9,13.7
2010,Atlanta Falcons,13,3,0.813,414,288,126,16,1097,5,17,8,58,598,42,39.3,14.9
2010,New Orleans Saints,11,5,0.688,384,307,77,16,1067,5.6,31,9,90,884,21,38.5,14.5
2010,Tampa Bay Buccaneers,10,6,0.625,341,318,23,16,955,5.6,19,13,100,837,19,33.7,16
2010,Carolina Panthers,2,14,0.125,196,408,-212,16,962,4.3,37,16,106,918,22,20.8,12.9
2010,Seattle Seahawks,7,9,0.438,310,407,-97,16,964,4.9,31,11,101,890,20,26.5,16.8
2010,St. Louis Rams,7,9,0.438,289,328,-39,16,1053,4.6,21,6,102,877,29,30.2,13.5
2010,San Francisco 49ers,6,10,0.375,305,346,-41,16,945,5.3,23,8,112,933,17,26.8,12.4
2010,Arizona Cardinals,5,11,0.313,289,434,-145,16,931,4.6,35,16,108,870,20,23.7,18.4
2011,New England Patriots,13,3,0.813,513,342,171,16,1082,6.3,17,5,87,815,30,47.2,14.6
2011,New York Jets,8,8,0.5,377,363,14,16,1030,4.8,34,16,102,849,36,29.6,8.6
2011,Miami Dolphins,6,10,0.375,329,313,16,16,990,5.1,25,12,85,779,32,32.8,14.4
2011,Buffalo Bills,6,10,0.375,372,434,-62,16,992,5.7,30,5,86,743,33,31.2,18.6
2011,Baltimore Ravens,12,4,0.75,378,266,112,16,1036,5.2,24,12,92,742,33,35.5,11.7
2011,Pittsburgh Steelers,12,4,0.75,325,227,98,16,1015,5.9,28,13,101,854,24,33.9,10.9
2011,Cincinnati Bengals,9,7,0.563,344,323,21,16,1015,5,22,8,99,874,32,32.5,15.8
2011,Cleveland Browns,4,12,0.25,218,307,-89,16,1024,4.5,19,6,95,847,28,24.4,18.2
2011,Houston Texans,10,6,0.625,381,278,103,16,1046,5.7,20,11,99,852,14,37.2,9.7
2011,Tennessee Titans,9,7,0.563,325,317,8,16,984,5.4,22,8,104,960,25,31.4,11.8
2011,Jacksonville Jaguars,5,11,0.313,243,329,-86,16,1002,4.1,23,8,77,680,26,22.7,13.6
2011,Indianapolis Colts,2,14,0.125,243,430,-187,16,951,4.8,29,15,76,549,19,24.2,15
2011,Denver Broncos,8,8,0.5,309,390,-81,16,1017,5,30,17,101,843,27,24.5,8.9
2011,San Diego Chargers,8,8,0.5,406,377,29,16,1048,6,28,8,91,753,28,41.3,14.7
2011,Oakland Raiders,8,8,0.5,359,433,-74,16,1015,6,30,7,163,1358,32,34.7,14.3
2011,Kansas City Chiefs,7,9,0.438,212,338,-126,16,1021,4.9,28,10,110,916,25,22.2,17.4
2011,New York Giants,9,7,0.563,394,400,-6,16,1028,6,24,8,94,795,31,32.5,10.9
2011,Philadelphia Eagles,8,8,0.5,396,328,68,16,1036,6.2,38,13,107,853,25,34.7,12.1
2011,Dallas Cowboys,8,8,0.5,369,347,22,16,1017,5.9,21,9,114,816,17,37.8,19.3
2011,Washington Redskins,5,11,0.313,288,367,-79,16,1032,5.2,35,11,91,897,29,30.9,13.1
2011,Green Bay Packers,15,1,0.938,560,359,201,16,988,6.6,14,6,76,591,34,48.3,15.4
2011,Detroit Lions,10,6,0.625,474,387,87,16,1058,6,23,7,128,1075,34,37.6,12
2011,Chicago Bears,8,8,0.5,353,341,12,16,978,5.1,29,9,104,800,21,28.6,10.1
2011,Minnesota Vikings,3,13,0.188,340,449,-109,16,1007,5.2,26,9,109,908,20,31.7,16.4
2011,New Orleans Saints,13,3,0.813,547,339,208,16,1117,6.7,19,5,99,851,20,51.4,15.8
2011,Atlanta Falcons,10,6,0.625,402,350,52,16,1073,5.6,21,8,93,769,34,37.4,13
2011,Carolina Panthers,6,10,0.375,406,429,-23,16,999,6.2,23,6,113,1013,31,38.5,12.6
2011,Tampa Bay Buccaneers,4,12,0.25,287,494,-207,16,966,5.3,40,16,123,1007,23,28.7,18.6
2011,San Francisco 49ers,13,3,0.813,380,229,151,16,993,5,10,5,113,1014,31,39.6,14
2011,Arizona Cardinals,8,8,0.5,312,348,-36,16,993,5.2,32,9,106,1004,28,26.1,20.6
2011,Seattle Seahawks,7,9,0.438,321,315,6,16,1003,4.8,23,9,138,1047,23,27.8,13.5
2011,St. Louis Rams,2,14,0.125,193,407,-214,16,1013,4.5,23,13,112,899,29,18.9,20
2012,New England Patriots,12,4,0.75,557,331,226,16,1191,5.7,16,7,97,840,37,48.1,13
2012,Miami Dolphins,7,9,0.438,288,317,-29,16,981,5.1,26,13,82,724,37,27.4,14.4
2012,New York Jets,6,10,0.375,281,375,-94,16,1034,4.6,37,18,83,708,35,24.2,14.1
2012,Buffalo Bills,6,10,0.375,344,435,-91,16,983,5.6,34,17,104,871,22,30,16.7
2012,Baltimore Ravens,10,6,0.625,398,344,54,16,1042,5.4,16,5,121,1127,34,35.8,11.2
2012,Cincinnati Bengals,10,6,0.625,391,320,71,16,1016,5.2,26,10,99,857,24,35.4,10.9
2012,Pittsburgh Steelers,8,8,0.5,336,314,22,16,1023,5.2,30,16,92,938,25,33.9,18.3
2012,Cleveland Browns,5,11,0.313,302,368,-66,16,998,5,26,8,113,1005,23,29.8,16.9
2012,Houston Texans,12,4,0.75,416,331,85,16,1090,5.5,17,4,108,873,22,35.6,9.1
2012,Indianapolis Colts,11,5,0.688,357,387,-30,16,1109,5.2,27,9,94,801,42,33.3,8.3
2012,Tennessee Titans,6,10,0.375,330,471,-141,16,957,5.2,28,12,106,847,24,27.7,13.5
2012,Jacksonville Jaguars,2,14,0.125,255,444,-189,16,994,4.8,26,9,101,955,36,25.5,12.7
2012,Denver Broncos,13,3,0.813,481,289,192,16,1090,5.8,25,14,100,805,36,39.9,8.1
2012,San Diego Chargers,7,9,0.438,350,350,0,16,988,4.8,26,11,103,796,28,30.6,11.5
2012,Oakland Raiders,4,12,0.25,290,443,-153,16,1032,5.3,26,10,108,939,28,31.4,13.5
2012,Kansas City Chiefs,2,14,0.125,211,425,-214,16,1015,5,37,17,92,733,24,24.2,11.5
2012,Washington Redskins,10,6,0.625,436,388,48,16,994,6.2,14,6,116,985,26,39.3,11.4
2012,New York Giants,9,7,0.563,429,344,85,16,968,5.9,21,6,72,578,37,43.8,13
2012,Dallas Cowboys,8,8,0.5,376,400,-24,16,1049,5.7,29,10,117,853,25,36.7,15.5
2012,Philadelphia Eagles,4,12,0.25,280,444,-164,16,1079,5.3,37,22,98,813,31,29.9,14.7
2012,Green Bay Packers,11,5,0.688,433,336,97,16,1042,5.5,16,8,103,923,43,37.6,12.8
2012,Minnesota Vikings,10,6,0.625,379,348,31,16,1001,5.4,23,11,90,830,30,37.9,14.2
2012,Chicago Bears,10,6,0.625,375,277,98,16,999,5,24,8,102,811,30,30.3,15.6
2012,Detroit Lions,4,12,0.25,372,437,-65,16,1160,5.6,33,16,103,944,26,36,22.2
2012,Atlanta Falcons,13,3,0.813,419,299,120,16,1021,5.8,18,4,55,415,26,44,11.6
2012,Carolina Panthers,7,9,0.438,357,363,-6,16,988,5.8,22,10,98,835,34,32.6,12.6
2012,New Orleans Saints,7,9,0.438,461,454,7,16,1067,6.2,24,5,104,911,21,37.4,13.2
2012,Tampa Bay Buccaneers,7,9,0.438,389,394,-5,16,1008,5.8,23,6,101,819,24,35.2,20.3
2012,San Francisco 49ers,11,4,0.719,397,273,124,16,969,6,16,8,109,960,22,39.3,8.1
2012,Seattle Seahawks,11,5,0.688,412,245,167,16,974,5.8,18,8,110,890,29,39.4,18.5
2012,St. Louis Rams,7,8,0.469,299,348,-49,16,1002,5.3,22,8,130,978,19,27.5,18
2012,Arizona Cardinals,5,11,0.313,250,357,-107,16,1018,4.1,34,13,102,857,20,22,16.3
2013,New England Patriots,12,4,0.75,444,338,106,16,1138,5.4,20,9,69,625,43,40.8,13.8
2013,New York Jets,8,8,0.5,290,387,-97,16,1020,5,29,7,108,837,21,29.6,13.6
2013,Miami Dolphins,8,8,0.5,317,335,-18,16,1001,5,26,7,70,598,12,29.9,15.1
2013,Buffalo Bills,6,10,0.375,339,388,-49,16,1116,4.8,27,12,110,954,39,29.9,12.6
2013,Cincinnati Bengals,11,5,0.688,430,305,125,16,1097,5.4,30,10,102,1000,24,32.3,11.5
2013,Pittsburgh Steelers,8,8,0.5,379,370,9,16,1023,5.3,24,10,80,677,24,35.4,12.2
2013,Baltimore Ravens,8,8,0.5,320,352,-32,16,1090,4.5,29,6,112,942,38,30.9,18.1
2013,Cleveland Browns,4,12,0.25,308,406,-98,16,1078,5,29,9,104,920,24,26.2,21.3
2013,Indianapolis Colts,11,5,0.688,391,336,55,16,1023,5.3,14,4,66,576,39,38.8,10.9
2013,Tennessee Titans,7,9,0.438,362,381,-19,16,1032,5.2,25,9,101,900,36,34.2,13.9
2013,Jacksonville Jaguars,4,12,0.25,247,449,-202,16,1020,4.6,27,6,96,797,24,23.6,11.2
2013,Houston Texans,2,14,0.125,276,428,-152,16,1089,5.1,31,9,112,1138,19,25.9,13.6
2013,Denver Broncos,13,3,0.813,606,399,207,16,1156,6.3,26,16,117,1000,35,47.5,6.8
2013,Kansas City Chiefs,11,5,0.688,430,305,125,16,1029,5.2,18,10,101,774,34,32,12.6
2013,San Diego Chargers,9,7,0.563,396,348,48,16,1060,5.9,21,10,95,765,39,44.9,14.6
2013,Oakland Raiders,4,12,0.25,322,453,-131,16,1000,5.3,31,11,116,912,17,27.8,25
2013,Philadelphia Eagles,10,6,0.625,442,382,60,16,1054,6.3,19,10,95,846,25,36.8,11.5
2013,Dallas Cowboys,8,8,0.5,439,432,7,16,957,5.7,20,8,102,867,32,39.9,15.3
2013,New York Giants,7,9,0.438,294,383,-89,16,988,5,44,15,91,786,27,25.5,13.7
2013,Washington Redskins,3,13,0.188,334,478,-144,16,1107,5.3,34,15,99,802,19,27.6,9.5
2013,Green Bay Packers,8,7,0.531,417,428,-11,16,1074,6,25,9,86,801,31,40.9,15.9
2013,Chicago Bears,8,8,0.5,445,478,-33,16,1013,6,23,10,85,708,27,39,16.1
2013,Detroit Lions,7,9,0.438,395,376,19,16,1102,5.7,34,15,110,925,23,32.1,15.7
2013,Minnesota Vikings,5,10,0.344,391,480,-89,16,1013,5.4,32,13,70,695,30,34.4,21.1
2013,Carolina Panthers,12,4,0.75,366,241,125,16,999,5.1,19,6,80,671,28,36.5,12.1
2013,New Orleans Saints,11,5,0.688,414,304,110,16,1079,5.9,19,7,95,817,28,40.3,12.7
2013,Atlanta Falcons,4,12,0.25,353,443,-90,16,1024,5.4,28,11,91,788,39,34.1,10.9
2013,Tampa Bay Buccaneers,4,12,0.25,288,389,-101,16,981,4.5,21,9,121,1136,37,27.1,16.3
2013,Seattle Seahawks,13,3,0.813,417,231,186,16,973,5.6,19,10,128,1183,31,40.7,17.3
2013,San Francisco 49ers,12,4,0.75,406,272,134,16,961,5.4,18,10,103,845,23,37.8,8.7
2013,Arizona Cardinals,10,6,0.625,379,324,55,16,1037,5.3,31,9,96,744,40,33,15.3
2013,St. Louis Rams,7,9,0.438,348,364,-16,16,968,5,21,10,123,1009,35,31.5,15.3
2014,New England Patriots,12,4,0.75,468,313,155,16,1073,5.5,13,4,120,1080,37,45.3,7.8
2014,Buffalo Bills,9,7,0.563,343,289,54,16,1020,5,23,10,124,1031,22,32.5,11.9
2014,Miami Dolphins,8,8,0.5,388,373,15,16,1040,5.4,23,11,81,635,36,37.6,14
2014,New York Jets,4,12,0.25,283,401,-118,16,1052,5,24,9,109,932,23,31.7,16
2014,Pittsburgh Steelers,11,5,0.688,436,368,68,16,1068,6.2,21,11,103,834,38,41.4,11.4
2014,Cincinnati Bengals,10,5,0.656,365,344,21,16,1018,5.5,26,9,102,812,27,34,14.6
2014,Baltimore Ravens,10,6,0.625,409,302,107,16,1021,5.7,20,8,111,870,38,39.6,15.3
2014,Cleveland Browns,7,9,0.438,299,337,-38,16,1010,5.1,23,7,116,932,27,28,18.3
2014,Indianapolis Colts,11,5,0.688,458,369,89,16,1105,5.9,31,15,105,848,40,39.5,11.4
2014,Houston Texans,9,7,0.563,372,307,65,16,1062,5.2,22,9,94,834,34,33,10.1
2014,Jacksonville Jaguars,3,13,0.188,249,412,-163,16,988,4.7,26,8,73,573,31,22.6,16.9
2014,Tennessee Titans,2,14,0.125,254,438,-184,16,919,5.3,26,10,111,961,24,23.6,20.9
2014,Denver Broncos,12,4,0.75,482,354,128,16,1067,6,20,5,120,1045,35,39.9,12.6
2014,Kansas City Chiefs,9,7,0.563,353,281,72,16,962,5.3,17,11,88,681,33,35.8,14.7
2014,San Diego Chargers,9,7,0.563,348,348,0,16,1009,5.4,23,5,111,967,37,33.9,15.5
2014,Oakland Raiders,3,13,0.188,253,452,-199,16,994,4.5,29,13,116,939,19,22.7,17.3
2014,Dallas Cowboys,12,4,0.75,467,352,115,16,1014,6.1,25,14,105,839,31,43.6,12.6
2014,Philadelphia Eagles,10,6,0.625,474,400,74,16,1127,5.6,36,15,115,995,29,36.9,17.5
2014,New York Giants,6,10,0.375,380,400,-20,16,1086,5.4,28,14,101,896,35,34.7,15
2014,Washington Redskins,4,12,0.25,301,438,-137,16,1006,5.7,31,13,120,1130,44,29.7,13.2
2014,Green Bay Packers,12,4,0.75,486,348,138,16,1001,6.2,13,7,92,775,30,46.7,12.1
2014,Detroit Lions,11,5,0.688,321,282,39,16,1045,5.2,20,8,118,989,28,32.4,15.3
2014,Minnesota Vikings,7,9,0.438,325,343,-18,16,981,5.1,20,2,100,836,27,31.8,18.5
2014,Chicago Bears,5,11,0.313,319,442,-123,16,1005,5.2,29,10,113,997,37,27.8,15.1
2014,Carolina Panthers,7,8,0.469,339,374,-35,16,1060,5.2,23,11,83,756,31,34.8,9.7
2014,New Orleans Saints,7,9,0.438,401,424,-23,16,1095,6,30,13,80,670,36,39.1,13.8
2014,Atlanta Falcons,6,10,0.375,381,417,-36,16,1035,5.8,23,8,97,840,22,38.9,16.1
2014,Tampa Bay Buccaneers,2,14,0.125,277,410,-133,16,936,5,33,13,118,939,29,26.7,12.4
2014,Seattle Seahawks,12,4,0.75,394,254,140,16,1021,5.9,14,7,130,1009,24,40.6,11.4
2014,Arizona Cardinals,11,5,0.688,310,299,11,16,993,5.2,17,5,91,707,44,30.9,18.3
2014,San Francisco 49ers,8,8,0.5,306,340,-34,16,1009,5.2,22,12,116,937,34,30.9,15.8
2014,St. Louis Rams,6,10,0.375,324,354,-30,16,957,5.3,27,11,123,1139,20,29.6,18.7
2015,New England Patriots,12,4,0.75,465,315,150,16,1050,5.7,14,7,96,860,31,43.2,6.9
2015,New York Jets,10,6,0.625,387,314,73,16,1074,5.5,24,8,96,787,20,35.7,11.5
2015,Buffalo Bills,8,8,0.5,379,359,20,16,1016,5.7,19,10,143,1249,20,34.9,16.9
2015,Miami Dolphins,6,10,0.375,310,389,-79,16,977,5.4,19,7,134,1090,25,25.7,16.5
2015,Cincinnati Bengals,12,4,0.75,419,279,140,16,1004,5.7,17,8,111,917,34,39.6,12.6
2015,Pittsburgh Steelers,10,6,0.625,423,319,104,16,1011,6.3,28,7,94,868,33,40.5,10.8
2015,Baltimore Ravens,5,11,0.313,328,401,-73,16,1083,5.3,28,7,122,1153,23,33.3,13.4
2015,Cleveland Browns,3,13,0.188,278,432,-154,16,1042,5.1,30,18,120,1083,34,29.8,14.5
2015,Houston Texans,9,7,0.563,339,313,26,16,1127,4.9,20,8,107,910,35,28.9,8.9
2015,Indianapolis Colts,8,8,0.5,333,408,-75,16,1052,4.9,30,11,108,931,39,29.4,10
2015,Jacksonville Jaguars,5,11,0.313,376,448,-72,16,1012,5.5,28,10,105,880,29,34.2,17.3
2015,Tennessee Titans,3,13,0.188,299,423,-124,16,976,5.1,33,16,93,779,37,25.7,12.8
2015,Denver Broncos,12,4,0.75,355,296,59,16,1056,5.4,31,8,115,1063,28,31.2,10.6
2015,Kansas City Chiefs,11,5,0.688,405,287,118,16,955,5.5,15,8,104,878,32,37.9,17.4
2015,Oakland Raiders,7,9,0.438,359,399,-40,16,1008,5.3,24,10,139,1102,33,31.8,11.8
2015,San Diego Chargers,4,12,0.25,320,398,-78,16,1100,5.4,24,11,117,942,35,33.7,12.4
2015,Washington Redskins,9,7,0.563,388,379,9,16,1011,5.6,22,11,105,828,28,36.1,7.3
2015,Philadelphia Eagles,7,9,0.438,377,430,-53,16,1102,5.3,31,13,104,819,36,29.1,11.5
2015,New York Giants,6,10,0.375,420,442,-22,16,1053,5.7,21,7,102,777,46,38.2,16.3
2015,Dallas Cowboys,4,12,0.25,275,374,-99,16,969,5.5,33,11,112,882,38,31.4,9.6
2015,Minnesota Vikings,11,5,0.688,365,302,63,16,973,5.3,17,8,88,797,31,38.4,14.7
2015,Green Bay Packers,10,6,0.625,368,323,45,16,1056,5.1,17,9,105,906,44,33.3,11.3
2015,Detroit Lions,7,9,0.438,358,400,-42,16,1030,5.4,24,10,104,930,30,34.6,11.2
2015,Chicago Bears,6,10,0.375,335,397,-62,16,1025,5.4,21,9,99,909,27,37.4,15
2015,Carolina Panthers,15,1,0.938,500,308,192,16,1060,5.5,19,9,103,887,24,42.9,9.9
2015,Atlanta Falcons,8,8,0.5,339,345,-6,16,1073,5.6,30,13,100,969,34,34.5,10.3
2015,New Orleans Saints,7,9,0.438,408,476,-68,16,1096,5.9,20,8,130,1112,36,36.3,12.7
2015,Tampa Bay Buccaneers,6,10,0.375,342,417,-75,16,1017,5.9,28,13,143,1195,36,35.8,14
2015,Arizona Cardinals,13,3,0.813,489,313,176,16,1041,6.3,24,11,94,758,44,42.5,15.7
2015,Seattle Seahawks,10,6,0.625,423,277,146,16,1035,5.9,16,8,117,1007,17,42,18.4
2015,St. Louis Rams,7,9,0.438,280,330,-50,16,920,5.2,22,11,122,1057,23,24.5,13.6
2015,San Francisco 49ers,5,11,0.313,238,387,-149,16,969,5,17,5,113,823,24,25.8,16.3
2016,New England Patriots,14,2,0.875,441,250,191,16,1056,5.9,11,9,93,819,39,42.9,12.4
2016,Miami Dolphins,10,6,0.625,363,380,-17,16,913,5.8,23,8,125,1142,21,30.7,15.2
2016,Buffalo Bills,7,9,0.438,399,378,21,16,1012,5.6,12,5,112,960,27,36.7,15.5
2016,New York Jets,5,11,0.313,275,409,-134,16,1003,5.3,34,9,93,837,28,29.7,13.8
2016,Pittsburgh Steelers,11,5,0.688,399,327,72,16,1026,5.8,18,3,112,1068,29,38.5,13
2016,Baltimore Ravens,8,8,0.5,343,321,22,16,1079,5.2,23,7,125,1111,32,35.6,10.9
2016,Cincinnati Bengals,6,9,0.406,325,315,10,16,1050,5.4,17,9,88,726,37,35.8,12.6
2016,Cleveland Browns,1,15,0.063,264,452,-188,16,983,5.1,25,11,95,736,32,27.2,16.4
2016,Houston Texans,9,7,0.563,279,328,-49,16,1071,4.7,24,8,87,868,30,31.4,13.2
2016,Tennessee Titans,9,7,0.563,381,378,3,16,1008,5.7,18,7,110,1012,32,36.4,15
2016,Indianapolis Colts,8,8,0.5,411,392,19,16,1037,5.6,22,7,103,883,38,40.6,15
2016,Jacksonville Jaguars,3,13,0.188,318,400,-82,16,1052,5.1,29,13,129,1187,39,31.4,12.5
2016,Kansas City Chiefs,12,4,0.75,389,311,78,16,990,5.5,17,9,109,848,22,37.1,9.4
2016,Oakland Raiders,12,4,0.75,416,385,31,16,1048,5.7,14,7,147,1247,37,38.7,11.6
2016,Denver Broncos,9,7,0.563,333,297,36,16,1020,5.1,25,14,119,985,33,30.3,16.5
2016,San Diego Chargers,5,11,0.313,410,423,-13,16,1014,5.6,35,14,107,780,36,38.1,12.4
2016,Dallas Cowboys,13,3,0.813,421,306,115,16,1010,6,15,9,105,879,25,43.9,9.5
2016,New York Giants,11,5,0.688,310,284,26,16,1018,5.2,27,11,88,857,26,27.5,10.4
2016,Washington Redskins,8,7,0.531,396,383,13,16,1009,6.4,21,9,110,909,30,43.4,15.3
2016,Philadelphia Eagles,7,9,0.438,367,331,36,16,1080,5,20,6,113,945,27,37.6,13.4
2016,Green Bay Packers,10,6,0.625,432,388,44,16,1029,5.7,17,9,100,827,36,43.8,9
2016,Detroit Lions,9,7,0.563,346,358,-12,16,981,5.5,15,5,100,861,36,41,7.9
2016,Minnesota Vikings,8,8,0.5,327,307,20,16,1006,5,16,11,103,882,28,32.8,16.6
2016,Chicago Bears,3,13,0.188,279,399,-120,16,967,5.9,31,12,110,967,19,27.3,20.1
2016,Atlanta Falcons,11,5,0.688,540,406,134,16,995,6.7,11,4,104,848,32,52.6,13.5
2016,Tampa Bay Buccaneers,9,7,0.563,354,369,-15,16,1066,5.2,27,9,109,926,40,32.4,13.5
2016,New Orleans Saints,7,9,0.438,469,454,15,16,1105,6.2,24,9,107,969,25,45.9,15
2016,Carolina Panthers,6,10,0.375,369,402,-33,16,1052,5.2,29,10,98,835,25,34.7,17.5
2016,Seattle Seahawks,10,5,0.656,354,292,62,16,1012,5.6,18,6,117,970,25,37.3,17.1
2016,Arizona Cardinals,7,8,0.469,418,362,56,16,1086,5.4,28,11,104,889,42,35,10.2
2016,Los Angeles Rams,4,12,0.25,224,394,-170,16,960,4.4,29,9,126,1091,26,21.8,15.5
2016,San Francisco 49ers,2,14,0.125,309,480,-171,16,996,4.9,25,15,99,831,19,27.4,16.6
2017,New England Patriots,13,3,0.813,458,296,162,16,1070,5.9,12,4,95,835,50,49.4,5.4
2017,Buffalo Bills,9,7,0.563,302,359,-57,16,1010,4.8,16,6,98,872,24,31.7,10.6
2017,Miami Dolphins,6,10,0.375,281,393,-112,16,995,4.9,29,8,137,1154,31,25.8,15.7
2017,New York Jets,5,11,0.313,298,382,-84,16,984,5,24,12,119,1035,35,28.6,19.2
2017,Pittsburgh Steelers,13,3,0.813,406,308,98,16,1051,5.8,20,5,101,897,35,43,9.5
2017,Baltimore Ravens,9,7,0.563,395,303,92,16,1054,4.6,17,4,91,749,32,36.5,9.5
2017,Cincinnati Bengals,7,9,0.438,290,349,-59,16,927,4.8,23,11,110,1027,30,26.5,15.8
2017,Cleveland Browns,0,16,0,234,410,-176,16,1008,4.9,41,13,110,924,36,22,16.3
2017,Jacksonville Jaguars,10,6,0.625,417,268,149,16,1078,5.4,23,10,112,936,38,34.7,13.4
2017,Tennessee Titans,9,7,0.563,334,356,-22,16,974,5.2,25,8,85,785,36,35.1,16.9
2017,Indianapolis Colts,4,12,0.25,263,404,-141,16,994,4.6,15,6,92,779,25,29.4,10.1
2017,Houston Texans,4,12,0.25,338,436,-98,16,1027,5,28,11,124,1050,47,29.2,14.7
2017,Kansas City Chiefs,10,6,0.625,415,339,76,16,985,6.1,11,3,118,1044,29,44.9,6.8
2017,Los Angeles Chargers,9,7,0.563,355,272,83,16,1020,5.9,15,4,108,927,33,33.3,14.5
2017,Oakland Raiders,6,10,0.375,301,373,-72,16,952,5.4,28,14,114,1009,31,29.2,11.8
2017,Denver Broncos,5,11,0.313,289,382,-93,16,1075,4.8,34,12,113,885,25,26.4,11.7
2017,Philadelphia Eagles,13,3,0.813,457,295,162,16,1073,5.5,20,11,116,962,37,40.3,11.7
2017,Dallas Cowboys,9,7,0.563,354,332,22,16,1005,5.3,22,9,97,939,25,36.3,20.3
2017,Washington Redskins,7,9,0.438,342,388,-46,16,982,5.3,27,14,92,733,21,31.9,14.8
2017,New York Giants,3,13,0.188,246,388,-142,16,1036,4.9,22,8,91,895,27,22.7,14.6
2017,Minnesota Vikings,13,3,0.813,382,252,130,16,1055,5.4,14,6,100,949,38,38.9,15.7
2017,Detroit Lions,9,7,0.563,410,376,34,16,980,5.5,22,11,104,968,28,37.3,10.9
2017,Green Bay Packers,7,9,0.438,320,384,-64,16,999,4.9,25,7,96,789,32,30.5,12.4
2017,Chicago Bears,5,11,0.313,264,320,-56,16,934,4.9,22,10,115,943,30,24.1,19
2017,New Orleans Saints,11,5,0.688,448,326,122,16,1000,6.3,18,10,105,967,20,44.6,9
2017,Carolina Panthers,11,5,0.688,363,327,36,16,1026,5,22,6,83,682,32,37.4,16.7
2017,Atlanta Falcons,10,6,0.625,353,315,38,16,984,5.9,18,6,102,918,29,41.2,9.3
2017,Tampa Bay Buccaneers,5,11,0.313,335,382,-47,16,1035,5.6,27,13,104,795,33,33.7,17.8
2017,Los Angeles Rams,11,5,0.688,478,329,149,16,1000,5.8,21,14,107,922,29,45.3,14.8
2017,Seattle Seahawks,9,7,0.563,366,332,34,16,1007,5.2,17,5,148,1342,31,30.5,9.5
2017,Arizona Cardinals,8,8,0.5,295,361,-66,16,1060,4.7,25,7,110,880,44,29.2,11.1
2017,San Francisco 49ers,6,10,0.375,331,383,-52,16,1058,5.3,23,8,123,988,27,37.5,15.8
2018,New England Patriots,11,5,0.688,436,325,111,16,1073,5.9,18,7,93,744,28,40.8,8.3
2018,Miami Dolphins,7,9,0.438,319,433,-114,16,878,5.3,23,10,108,978,24,28.3,13.8
2018,Buffalo Bills,6,10,0.375,269,374,-105,16,1008,4.7,32,9,116,992,38,26.4,12.8
2018,New York Jets,4,12,0.25,333,441,-108,16,971,4.9,30,11,114,948,17,32,15.9
2018,Baltimore Ravens,10,6,0.625,389,287,102,16,1135,5.3,20,11,116,940,30,40.7,11.8
2018,Pittsburgh Steelers,9,6,0.594,428,360,68,16,1058,6.1,26,9,111,1026,39,36.8,16.7
2018,Cleveland Browns,7,8,0.469,359,392,-33,16,1023,5.8,24,7,112,894,32,31.2,9.6
2018,Cincinnati Bengals,6,10,0.375,368,455,-87,16,938,5.3,17,4,114,957,30,35.5,10
2018,Houston Texans,11,5,0.688,402,316,86,16,1040,5.6,16,7,105,787,37,40.3,10.5
2018,Indianapolis Colts,10,6,0.625,433,344,89,16,1070,5.8,24,9,120,953,38,41.2,11.7
2018,Tennessee Titans,9,7,0.563,310,303,7,16,940,5.3,18,6,82,727,27,34.9,11.3
2018,Jacksonville Jaguars,5,11,0.313,245,316,-71,16,1005,4.8,29,16,121,1112,21,25,15.6
2018,Kansas City Chiefs,12,4,0.75,565,421,144,16,996,6.8,18,6,137,1152,37,52.6,14.2
2018,Los Angeles Chargers,12,4,0.75,428,329,99,16,945,6.3,19,7,113,967,25,42.4,16.3
2018,Denver Broncos,6,10,0.375,329,349,-20,16,1015,5.5,21,6,125,985,32,30.6,15.5
2018,Oakland Raiders,4,12,0.25,290,467,-177,16,995,5.4,24,14,110,965,17,31.3,12.7
2018,Dallas Cowboys,10,6,0.625,339,324,15,16,1022,5.4,17,9,104,885,25,37.9,11.5
2018,Philadelphia Eagles,9,7,0.563,367,348,19,16,1037,5.6,23,12,100,852,31,38.1,17.9
2018,Washington Redskins,7,9,0.438,281,359,-78,16,967,5,19,4,115,1008,28,31.8,11.4
2018,New York Giants,5,11,0.313,369,412,-43,16,984,5.8,19,7,114,951,18,38.4,18.6
2018,Chicago Bears,12,4,0.75,421,283,138,16,1013,5.4,24,10,97,796,46,36.8,6.1
2018,Minnesota Vikings,8,7,0.531,360,341,19,16,1003,5.5,20,10,92,779,26,32.4,10.7
2018,Green Bay Packers,6,9,0.406,376,400,-24,16,1026,5.8,15,11,108,937,26,38.8,14.6
2018,Detroit Lions,6,10,0.375,324,360,-36,16,1019,5.1,19,7,94,852,33,35.3,13.2
2018,New Orleans Saints,13,3,0.813,504,353,151,16,1010,6,16,9,94,939,33,51.8,10.9
2018,Atlanta Falcons,7,9,0.438,414,423,-9,16,1010,6.2,18,11,101,899,30,42.9,10.7
2018,Carolina Panthers,7,9,0.438,376,382,-6,16,1011,5.9,22,6,92,818,27,37,12.8
2018,Tampa Bay Buccaneers,5,11,0.313,396,464,-68,16,1055,6.3,35,9,117,975,43,37,20.4
2018,Los Angeles Rams,13,3,0.813,527,384,143,16,1060,6.4,19,7,96,878,31,48.6,5.2
2018,Seattle Seahawks,10,6,0.625,428,347,81,16,1012,5.6,11,4,111,959,40,39.8,15.6
2018,San Francisco 49ers,4,12,0.25,342,435,-93,16,1003,5.8,32,12,112,982,45,37,11.6
2018,Arizona Cardinals,3,13,0.188,225,425,-200,16,902,4.3,28,10,101,786,26,19.3,11.2
2019,New England Patriots,12,4,0.75,420,225,195,16,1095,5.2,15,6,94,828,31,36.3,8.1
2019,Buffalo Bills,10,6,0.625,314,259,55,16,1018,5.2,19,7,117,927,32,30.1,12.9
2019,New York Jets,7,9,0.438,276,359,-83,16,956,4.6,25,9,115,1105,30,23.3,17.5
2019,Miami Dolphins,5,11,0.313,306,494,-188,16,1022,4.9,26,8,92,769,41,30.2,17.4
2019,Baltimore Ravens,14,2,0.875,531,282,249,16,1064,6.1,15,7,109,867,27,51.8,7.8
2019,Pittsburgh Steelers,8,8,0.5,289,303,-14,16,937,4.7,30,11,111,893,43,28.9,12.8
2019,Cleveland Browns,6,10,0.375,335,393,-58,16,973,5.6,28,7,122,1106,35,33.9,15.6
2019,Cincinnati Bengals,2,14,0.125,279,420,-141,16,1049,4.9,30,14,93,761,36,29.8,12
2019,Houston Texans,10,6,0.625,378,385,-7,16,1017,5.7,22,8,111,892,31,37.9,8.4
2019,Tennessee Titans,9,7,0.563,402,331,71,16,949,6.1,17,9,99,932,36,31.4,13.9
2019,Indianapolis Colts,7,9,0.438,361,373,-12,16,1016,5.2,21,11,79,670,44,36.3,14.9
2019,Jacksonville Jaguars,6,10,0.375,300,397,-97,16,1020,5.4,20,12,132,1165,30,33.9,12.8
2019,Kansas City Chiefs,12,4,0.75,451,308,143,16,976,6.2,15,10,107,1029,46,48.8,12.2
2019,Denver Broncos,7,9,0.438,282,316,-34,16,954,5,16,6,110,912,40,32.4,13.9
2019,Oakland Raiders,7,9,0.438,313,419,-106,16,989,5.9,17,9,128,1138,17,32.7,12.8
2019,Los Angeles Chargers,5,11,0.313,337,345,-8,16,997,5.9,31,11,103,872,39,38.8,18.8
2019,Philadelphia Eagles,9,7,0.563,385,354,31,16,1104,5.2,23,15,100,836,35,34.8,7.7
2019,Dallas Cowboys,8,8,0.5,434,321,113,16,1069,6.5,18,7,109,1008,30,44.6,11.9
2019,New York Giants,4,12,0.25,341,451,-110,16,1012,5.4,33,16,90,784,35,28.6,15
2019,Washington Redskins,3,13,0.188,266,435,-169,16,885,5,21,8,106,835,20,29.5,17.9
2019,Green Bay Packers,13,3,0.813,376,313,63,16,1020,5.4,13,9,100,774,40,37.3,8.1
2019,Minnesota Vikings,10,6,0.625,407,303,104,16,970,5.8,20,12,96,895,37,41.6,12.6
2019,Chicago Bears,8,8,0.5,280,298,-18,16,1020,4.7,19,7,103,838,34,29.1,11.8
2019,Detroit Lions,3,12,0.219,341,423,-82,16,1021,5.4,23,8,113,937,35,33.3,15.2
2019,New Orleans Saints,13,3,0.813,458,341,117,16,1011,5.9,8,2,120,1036,20,46.2,10.3
2019,Atlanta Falcons,7,9,0.438,381,399,-18,16,1096,5.5,25,10,119,956,41,40.8,10.3
2019,Tampa Bay Buccaneers,7,9,0.438,458,449,9,16,1086,5.9,41,11,133,1111,28,37.9,12.1
2019,Carolina Panthers,5,11,0.313,340,470,-130,16,1077,5.1,35,14,87,754,23,32.3,10.9
2019,San Francisco 49ers,13,3,0.813,479,310,169,16,1012,6,23,10,105,939,31,44.3,7.9
2019,Seattle Seahawks,11,5,0.688,405,398,7,16,1046,5.7,20,14,109,882,30,36.5,10
2019,Los Angeles Rams,9,7,0.563,394,364,30,16,1055,5.7,24,7,118,899,28,35.7,11
2019,Arizona Cardinals,5,10,0.344,361,442,-81,16,1000,5.5,18,6,121,956,29,38.8,14.8
2020,Buffalo Bills,13,3,0.813,501,375,126,16,1034,6.1,22,11,102,941,38,49.4,10
2020,Miami Dolphins,10,6,0.625,404,338,66,16,1021,5.3,20,7,74,635,38,41.4,14.8
2020,New England Patriots,7,9,0.438,326,353,-27,16,979,5.3,19,5,62,534,32,36.9,13.4
2020,New York Jets,2,14,0.125,243,457,-214,16,948,4.7,19,5,101,952,29,26.3,12.1
2020,Pittsburgh Steelers,12,4,0.75,416,312,104,16,1043,5.1,18,7,81,691,35,37.2,14.9
2020,Baltimore Ravens,11,5,0.688,468,303,165,16,993,5.9,18,7,104,961,19,45.3,12.7
2020,Cleveland Browns,11,5,0.688,408,419,-11,16,1022,5.8,16,8,100,870,27,40.6,13.5
2020,Cincinnati Bengals,4,11,0.281,311,424,-113,16,1040,4.9,24,13,83,675,25,33,13.8
2020,Tennessee Titans,11,5,0.688,491,439,52,16,1031,6.2,12,5,86,783,36,47.9,6.9
2020,Indianapolis Colts,11,5,0.688,451,362,89,16,1032,5.9,15,4,94,899,34,44.4,11.4
2020,Houston Texans,4,12,0.25,384,464,-80,16,940,6.4,18,11,80,619,21,42.9,13.8
2020,Jacksonville Jaguars,1,15,0.063,306,492,-186,16,997,5.2,25,9,107,1071,25,30.4,14.9
2020,Kansas City Chiefs,14,2,0.875,473,362,111,16,1057,6.3,16,9,105,919,32,47.9,10.4
2020,Las Vegas Raiders,8,8,0.5,434,478,-44,16,1036,5.9,26,16,98,856,32,47.9,9.1
2020,Los Angeles Chargers,7,9,0.438,384,426,-42,16,1127,5.4,16,6,85,710,36,38.3,11.4
2020,Denver Broncos,5,11,0.313,323,446,-123,16,1030,5.2,32,9,81,670,38,33,14.9
2020,Washington Football Team,7,9,0.438,335,329,6,16,1051,4.8,27,11,87,697,30,33.3,9
2020,New York Giants,6,10,0.375,280,357,-77,16,966,5,22,11,81,634,28,33.5,9.8
2020,Dallas Cowboys,6,10,0.375,395,473,-78,16,1113,5.3,26,13,96,849,25,40.6,20.1
2020,Philadelphia Eagles,4,11,0.281,334,418,-84,16,1066,5,29,9,107,853,45,27.9,16.6
2020,Green Bay Packers,13,3,0.813,509,369,140,16,990,6.3,11,6,84,684,28,49.7,12.4
2020,Chicago Bears,8,8,0.5,372,370,2,16,1043,5.1,22,6,88,777,24,38.9,12.1
2020,Minnesota Vikings,7,9,0.438,430,475,-45,16,1023,6.2,23,10,82,650,32,39.8,17.3
2020,Detroit Lions,5,11,0.313,377,519,-142,16,991,5.7,21,8,95,860,37,38.5,14.9
2020,New Orleans Saints,12,4,0.75,482,337,145,16,1045,5.8,17,9,98,1005,21,45.5,9.4
2020,Tampa Bay Buccaneers,11,5,0.688,492,355,137,16,1017,6,17,5,84,715,44,47.8,8.3
2020,Carolina Panthers,5,11,0.313,350,402,-52,16,993,5.6,21,5,95,752,33,40.3,14.5
2020,Atlanta Falcons,4,12,0.25,396,414,-18,16,1078,5.5,18,7,83,736,37,44.8,9.6
2020,Seattle Seahawks,12,4,0.75,459,371,88,16,1022,5.8,18,5,84,662,29,44.4,9.3
2020,Los Angeles Rams,10,6,0.625,372,296,76,16,1088,5.5,25,11,71,655,23,34.2,9
2020,Arizona Cardinals,8,8,0.5,410,367,43,16,1083,5.7,21,8,113,868,34,40.2,15.5
2020,San Francisco 49ers,6,10,0.375,376,390,-14,16,1046,5.7,31,14,85,731,32,36.3,11.4
2021,Buffalo Bills,11,6,0.647,483,289,194,17,1143,5.7,22,6,113,980,28,45.2,7.2
2021,New England Patriots,10,7,0.588,462,303,159,17,1052,5.7,23,10,95,854,36,48,11.2
2021,Miami Dolphins,9,8,0.529,341,373,-32,17,1097,4.8,26,12,105,825,32,30.1,10.5
2021,New York Jets,4,13,0.235,310,504,-194,17,1036,5,27,7,103,860,28,29.4,11.8
2021,Cincinnati Bengals,10,7,0.588,460,376,84,17,1046,5.9,21,7,72,620,33,42.6,11.5
2021,Pittsburgh Steelers,9,7,0.559,343,398,-55,17,1113,4.8,20,9,106,831,34,34.7,13.1
2021,Cleveland Browns,8,9,0.471,349,371,-22,17,1054,5.5,22,8,112,1035,27,32.2,9.9
2021,Baltimore Ravens,8,9,0.471,387,392,-5,17,1185,5.4,26,8,102,852,26,38.5,10.9
2021,Tennessee Titans,12,5,0.706,419,354,65,17,1133,5.1,25,11,103,973,34,38.9,14.6
2021,Indianapolis Colts,9,8,0.529,451,365,86,17,1052,5.6,19,11,76,688,33,43.3,11.3
2021,Houston Texans,4,13,0.235,280,452,-172,17,1010,4.7,22,7,114,978,27,26.6,12.8
2021,Jacksonville Jaguars,3,14,0.176,253,457,-204,17,1028,5,29,12,104,856,34,26.4,12.6
2021,Kansas City Chiefs,12,5,0.706,480,364,116,17,1134,5.9,25,12,111,925,33,48.2,9.6
2021,Las Vegas Raiders,10,7,0.588,374,439,-65,17,1082,5.7,24,10,124,1104,37,41,9.2
2021,Los Angeles Chargers,9,8,0.529,474,459,15,17,1128,5.9,22,7,116,1033,33,45.7,12.6
2021,Denver Broncos,7,10,0.412,335,322,13,17,1036,5.4,18,9,83,711,28,36.9,13.6
2021,Dallas Cowboys,12,5,0.706,530,358,172,17,1153,6,20,9,127,1103,31,43.8,12.8
2021,Philadelphia Eagles,9,8,0.529,444,385,59,17,1075,5.7,16,6,107,842,22,43.4,17.2
2021,Washington Football Team,7,10,0.412,335,434,-99,17,1070,5.1,24,9,82,743,35,34.6,12.4
2021,New York Giants,4,13,0.235,258,416,-158,17,1050,4.7,30,10,88,674,38,27.5,15.6
2021,Green Bay Packers,13,4,0.765,450,371,79,17,1072,5.8,13,6,69,678,31,44.5,7.1
2021,Minnesota Vikings,8,9,0.471,425,426,-1,17,1083,5.7,13,6,111,1043,27,39.3,9.5
2021,Chicago Bears,6,11,0.353,311,407,-96,17,1075,4.9,29,9,106,919,34,31.5,10.8
2021,Detroit Lions,3,13,0.206,325,467,-142,17,1056,5.2,23,9,105,824,32,34.3,16.1
2021,Tampa Bay Buccaneers,13,4,0.765,511,353,158,17,1139,6.1,19,7,97,874,25,44.3,11.8
2021,New Orleans Saints,9,8,0.529,364,335,29,17,1051,4.9,18,5,98,811,29,33.7,16.7
2021,Atlanta Falcons,7,10,0.412,313,459,-146,17,1006,5.1,26,11,92,753,35,32.8,13.1
2021,Carolina Panthers,5,12,0.294,304,404,-100,17,1106,4.6,29,8,107,864,30,29.2,17.2
2021,Los Angeles Rams,12,5,0.706,460,372,88,17,1058,6,23,5,76,637,23,45.9,6.9
2021,Arizona Cardinals,11,6,0.647,449,366,83,17,1126,5.6,15,4,114,990,26,44.7,9.4
2021,San Francisco 49ers,10,7,0.588,427,365,62,17,1046,6.1,24,10,102,1066,31,41.2,11.8
2021,Seattle Seahawks,7,10,0.412,395,366,29,17,954,5.8,13,6,97,803,30,34.8,14
2022,Buffalo Bills,13,3,0.813,455,286,169,16,1037,6.1,27,13,92,709,27,45,5.7
2022,Miami Dolphins,9,8,0.529,397,399,-2,17,1009,6.1,21,6,111,881,29,38.8,11.6
2022,New England Patriots,8,9,0.471,364,347,17,17,1006,5.3,23,9,104,841,24,32.8,8.6
2022,New York Jets,7,10,0.412,296,316,-20,17,1074,5,23,9,91,866,24,29.9,9.6
2022,Cincinnati Bengals,12,4,0.75,418,322,96,16,1053,5.5,18,6,81,623,40,41.5,9.3
2022,Baltimore Ravens,10,7,0.588,350,315,35,17,1052,5.5,21,8,82,678,21,38.9,13.7
2022,Pittsburgh Steelers,9,8,0.529,308,346,-38,17,1109,4.9,19,5,94,711,27,35,14
2022,Cleveland Browns,7,10,0.412,361,381,-20,17,1116,5.3,21,9,102,865,26,34.6,15.2
2022,Jacksonville Jaguars,9,8,0.529,404,350,54,17,1072,5.7,22,13,90,674,30,39.2,9.8
2022,Tennessee Titans,7,10,0.412,298,359,-61,17,992,5.1,23,12,111,956,20,27.9,14.4
2022,Indianapolis Colts,4,12,0.265,289,427,-138,17,1103,4.8,34,14,89,794,26,29.2,14
2022,Houston Texans,3,13,0.206,289,420,-131,17,1015,4.7,28,9,88,644,28,28.8,16.2
2022,Kansas City Chiefs,14,3,0.824,496,369,127,17,1094,6.4,23,11,87,838,31,46.4,15.1
2022,Los Angeles Chargers,10,7,0.588,391,384,7,17,1154,5.3,19,9,81,635,27,38.1,7.1
2022,Las Vegas Raiders,6,11,0.353,395,418,-23,17,1049,5.7,21,4,113,932,28,42.4,10.3
2022,Denver Broncos,5,12,0.294,287,359,-72,17,1078,5.1,24,9,113,970,29,28.6,12.4
2022,Philadelphia Eagles,14,3,0.824,477,344,133,17,1124,5.9,19,10,90,682,29,42.5,11.1
2022,Dallas Cowboys,12,5,0.706,467,342,125,17,1114,5.4,23,5,104,842,24,41.5,15.3
2022,New York Giants,9,7,0.559,365,371,-6,17,1089,5.2,16,10,106,827,32,37.3,11.3
2022,Washington Commanders,8,8,0.5,321,343,-22,17,1140,4.9,23,7,92,805,31,29.4,18
2022,Minnesota Vikings,13,4,0.765,424,427,-3,17,1123,5.5,23,8,88,684,45,36,9.3
2022,Detroit Lions,9,8,0.529,453,427,26,17,1092,5.9,15,8,90,773,34,43.2,8.9
2022,Green Bay Packers,8,9,0.471,370,371,-1,17,1051,5.5,22,10,89,747,32,36.2,12.3
2022,Chicago Bears,3,14,0.176,326,463,-137,17,993,5.3,25,10,80,754,21,34.3,11.2
2022,Tampa Bay Buccaneers,8,9,0.471,313,358,-45,17,1159,5.1,22,12,99,793,27,32,9.6
2022,Carolina Panthers,7,10,0.412,347,374,-27,17,976,5.3,21,8,104,862,24,35.3,17.2
2022,New Orleans Saints,7,10,0.412,330,345,-15,17,1015,5.6,25,11,99,841,21,31.7,10.4
2022,Atlanta Falcons,7,10,0.412,365,386,-21,17,1011,5.4,21,12,68,594,30,39.5,14.8
2022,San Francisco 49ers,13,4,0.765,450,277,173,17,1047,5.9,17,8,94,730,27,41.4,11.8
2022,Seattle Seahawks,9,8,0.529,407,401,6,17,1044,5.7,23,11,106,854,34,40.6,8.6
2022,Los Angeles Rams,5,12,0.294,307,384,-77,17,1001,4.8,23,8,76,655,23,33.5,10.2
2022,Arizona Cardinals,4,13,0.235,340,449,-109,17,1144,4.8,25,8,118,916,22,32.1,8.2
2023,Buffalo Bills,11,6,0.647,451,311,140,17,1115,5.7,28,10,106,883,24,41.4,4.9
2023,Miami Dolphins,11,6,0.647,496,391,105,17,1053,6.5,25,10,97,767,24,43.5,11.1
2023,New York Jets,7,10,0.412,268,355,-87,17,1053,4.3,33,18,124,945,27,26,6.8
2023,New England Patriots,4,13,0.235,236,366,-130,17,1020,4.6,29,8,89,676,15,20.2,17.8
2023,Baltimore Ravens,13,4,0.765,483,280,203,17,1076,5.9,19,12,102,955,35,43.1,9.9
2023,Cleveland Browns,11,6,0.647,396,362,34,17,1187,4.8,37,14,115,897,31,32.9,10.5
2023,Pittsburgh Steelers,10,7,0.588,304,324,-20,17,1029,5,16,7,86,753,19,29.9,8.5
2023,Cincinnati Bengals,9,8,0.529,366,384,-18,17,1048,5.2,16,2,76,614,31,34.6,13.3
2023,Houston Texans,10,7,0.588,377,353,24,17,1083,5.4,14,6,114,937,30,37.2,11.4
2023,Jacksonville Jaguars,9,8,0.529,377,371,6,17,1114,5.2,30,16,83,644,39,35.4,9.8
2023,Indianapolis Colts,9,8,0.529,396,415,-19,17,1094,5.2,22,12,95,685,33,35.7,12.2
2023,Tennessee Titans,6,11,0.353,305,367,-62,17,1002,4.9,20,9,110,882,37,32.6,13.6
2023,Kansas City Chiefs,11,6,0.647,371,294,77,17,1080,5.5,28,11,96,845,27,39.3,9
2023,Las Vegas Raiders,8,9,0.471,332,331,1,17,1010,4.9,24,6,75,629,27,31.8,7.2
2023,Denver Broncos,8,9,0.471,357,413,-56,17,1016,5,22,13,99,749,31,34.9,11.6
2023,Los Angeles Chargers,5,12,0.294,346,398,-52,17,1106,5.1,21,13,79,725,26,34.7,18.2
2023,Dallas Cowboys,12,5,0.706,509,315,194,17,1122,5.6,16,6,115,964,43,50.3,8.7
2023,Philadelphia Eagles,11,6,0.647,433,428,5,17,1112,5.4,28,12,95,785,31,42.9,13
2023,New York Giants,6,11,0.353,266,407,-141,17,1057,4.5,19,7,89,711,29,23.6,11.4
2023,Washington Commanders,4,13,0.235,329,518,-189,17,1060,5,32,11,87,701,32,29.4,11.2
2023,Detroit Lions,12,5,0.706,461,395,66,17,1137,5.9,23,11,97,843,23,40.6,9.1
2023,Green Bay Packers,9,8,0.529,383,350,33,17,1052,5.6,18,7,105,856,26,39.7,9
2023,Minnesota Vikings,7,10,0.412,344,362,-18,17,1071,5.5,34,15,89,670,41,34.1,7.5
2023,Chicago Bears,7,10,0.412,360,379,-19,17,1097,5,25,10,99,853,16,38,17.4
2023,Tampa Bay Buccaneers,9,8,0.529,348,325,23,17,1047,5.1,18,8,100,751,33,35.5,6.3
2023,New Orleans Saints,9,8,0.529,402,327,75,17,1121,5.1,18,7,96,846,26,36.6,14.8
2023,Atlanta Falcons,7,10,0.412,321,373,-52,17,1092,5.2,28,11,84,743,24,32.1,12.7
2023,Carolina Panthers,2,15,0.118,236,416,-180,17,1096,4.1,20,10,103,845,36,25,14
2023,San Francisco 49ers,12,5,0.706,491,298,193,17,1024,6.6,18,6,101,933,29,45.3,9.7
2023,Los Angeles Rams,10,7,0.588,404,377,27,17,1094,5.6,18,5,89,720,35,41.1,14.2
2023,Seattle Seahawks,9,8,0.529,364,402,-38,17,995,5.5,17,5,111,954,35,38.8,14.5
2023,Arizona Cardinals,4,13,0.235,330,455,-125,17,1068,5.2,18,6,101,859,30,35,10.7
